1378042	CPR:9	Arg1:T6	Arg2:T40
1378042	CPR:9	Arg1:T6	Arg2:T41
1712335	CPR:9	Arg1:T2	Arg2:T32
1712335	CPR:9	Arg1:T2	Arg2:T35
1712335	CPR:9	Arg1:T6	Arg2:T35
1712335	CPR:9	Arg1:T6	Arg2:T32
1744096	CPR:9	Arg1:T4	Arg2:T45
1744096	CPR:9	Arg1:T43	Arg2:T45
1744096	CPR:9	Arg1:T30	Arg2:T45
1744096	CPR:9	Arg1:T37	Arg2:T45
1908244	CPR:9	Arg1:T4	Arg2:T20
1966571	CPR:9	Arg1:T7	Arg2:T33
1966571	CPR:9	Arg1:T7	Arg2:T35
1966571	CPR:9	Arg1:T7	Arg2:T34
1978244	CPR:9	Arg1:T5	Arg2:T36
1978244	CPR:9	Arg1:T18	Arg2:T33
1978244	CPR:9	Arg1:T7	Arg2:T36
1978244	CPR:9	Arg1:T23	Arg2:T35
1978244	CPR:9	Arg1:T22	Arg2:T28
1978244	CPR:9	Arg1:T4	Arg2:T36
1978244	CPR:9	Arg1:T22	Arg2:T31
2120879	CPR:9	Arg1:T4	Arg2:T18
2120879	CPR:9	Arg1:T3	Arg2:T18
2146972	CPR:9	Arg1:T4	Arg2:T35
2146972	CPR:9	Arg1:T20	Arg2:T35
2913485	CPR:9	Arg1:T20	Arg2:T36
2913485	CPR:9	Arg1:T20	Arg2:T35
2913485	CPR:9	Arg1:T23	Arg2:T38
2913485	CPR:9	Arg1:T20	Arg2:T37
2913485	CPR:9	Arg1:T23	Arg2:T30
2913485	CPR:9	Arg1:T1	Arg2:T30
2913485	CPR:9	Arg1:T1	Arg2:T38
3002801	CPR:9	Arg1:T20	Arg2:T34
3002801	CPR:9	Arg1:T18	Arg2:T34
3002801	CPR:9	Arg1:T23	Arg2:T36
3002801	CPR:9	Arg1:T19	Arg2:T34
3004501	CPR:9	Arg1:T21	Arg2:T38
3004501	CPR:9	Arg1:T20	Arg2:T38
3004501	CPR:9	Arg1:T10	Arg2:T36
3004501	CPR:9	Arg1:T22	Arg2:T38
3004501	CPR:9	Arg1:T24	Arg2:T39
3004501	CPR:9	Arg1:T8	Arg2:T36
3004501	CPR:9	Arg1:T25	Arg2:T39
3098406	CPR:9	Arg1:T5	Arg2:T9
3474745	CPR:9	Arg1:T6	Arg2:T14
3588607	CPR:9	Arg1:T1	Arg2:T43
3588607	CPR:9	Arg1:T28	Arg2:T48
3588607	CPR:9	Arg1:T1	Arg2:T53
6362415	CPR:9	Arg1:T4	Arg2:T11
6362415	CPR:9	Arg1:T4	Arg2:T8
6362415	CPR:9	Arg1:T4	Arg2:T12
6441926	CPR:9	Arg1:T4	Arg2:T13
6441926	CPR:9	Arg1:T1	Arg2:T13
7560228	CPR:9	Arg1:T17	Arg2:T28
7560228	CPR:9	Arg1:T17	Arg2:T29
7560228	CPR:9	Arg1:T2	Arg2:T19
7560228	CPR:9	Arg1:T2	Arg2:T29
7560228	CPR:9	Arg1:T2	Arg2:T28
7560228	CPR:9	Arg1:T5	Arg2:T21
7560228	CPR:9	Arg1:T5	Arg2:T22
7560228	CPR:9	Arg1:T6	Arg2:T21
7560228	CPR:9	Arg1:T6	Arg2:T22
7567987	CPR:9	Arg1:T12	Arg2:T20
7610922	CPR:9	Arg1:T13	Arg2:T39
7610922	CPR:9	Arg1:T13	Arg2:T38
7610922	CPR:9	Arg1:T21	Arg2:T43
7665369	CPR:9	Arg1:T19	Arg2:T35
7769797	CPR:9	Arg1:T2	Arg2:T9
7769797	CPR:9	Arg1:T1	Arg2:T9
7769797	CPR:9	Arg1:T2	Arg2:T8
7769797	CPR:9	Arg1:T2	Arg2:T7
7769797	CPR:9	Arg1:T1	Arg2:T7
7769797	CPR:9	Arg1:T1	Arg2:T8
7769797	CPR:9	Arg1:T5	Arg2:T12
7825060	CPR:9	Arg1:T7	Arg2:T10
7825060	CPR:9	Arg1:T2	Arg2:T9
7825060	CPR:9	Arg1:T2	Arg2:T10
7825060	CPR:9	Arg1:T7	Arg2:T9
7853212	CPR:9	Arg1:T4	Arg2:T24
7853212	CPR:9	Arg1:T6	Arg2:T26
7853212	CPR:9	Arg1:T8	Arg2:T31
7905294	CPR:9	Arg1:T18	Arg2:T34
7911719	CPR:9	Arg1:T20	Arg2:T36
7911719	CPR:9	Arg1:T20	Arg2:T35
7911719	CPR:9	Arg1:T20	Arg2:T39
7911719	CPR:9	Arg1:T27	Arg2:T44
7911719	CPR:9	Arg1:T6	Arg2:T32
7995016	CPR:9	Arg1:T14	Arg2:T23
7995016	CPR:9	Arg1:T5	Arg2:T23
7995016	CPR:9	Arg1:T10	Arg2:T18
7995016	CPR:9	Arg1:T1	Arg2:T23
8117686	CPR:9	Arg1:T1	Arg2:T9
8117686	CPR:9	Arg1:T5	Arg2:T9
8301142	CPR:9	Arg1:T21	Arg2:T47
8384226	CPR:9	Arg1:T8	Arg2:T32
8384226	CPR:9	Arg1:T8	Arg2:T31
8384226	CPR:9	Arg1:T8	Arg2:T30
8415655	CPR:9	Arg1:T1	Arg2:T9
8454631	CPR:9	Arg1:T1	Arg2:T19
8469910	CPR:9	Arg1:T2	Arg2:T18
8469910	CPR:9	Arg1:T1	Arg2:T18
8606397	CPR:9	Arg1:T2	Arg2:T9
8606397	CPR:9	Arg1:T5	Arg2:T11
8622623	CPR:9	Arg1:T5	Arg2:T35
8622623	CPR:9	Arg1:T14	Arg2:T35
8622623	CPR:9	Arg1:T13	Arg2:T35
8622623	CPR:9	Arg1:T6	Arg2:T35
8622623	CPR:9	Arg1:T11	Arg2:T35
8622623	CPR:9	Arg1:T7	Arg2:T35
8622623	CPR:9	Arg1:T8	Arg2:T35
8622623	CPR:9	Arg1:T12	Arg2:T35
8622623	CPR:9	Arg1:T10	Arg2:T35
8622623	CPR:9	Arg1:T9	Arg2:T35
8777955	CPR:9	Arg1:T19	Arg2:T38
8777955	CPR:9	Arg1:T9	Arg2:T33
8777955	CPR:9	Arg1:T9	Arg2:T32
8777955	CPR:9	Arg1:T5	Arg2:T28
8777955	CPR:9	Arg1:T16	Arg2:T35
8922768	CPR:9	Arg1:T10	Arg2:T15
8943052	CPR:9	Arg1:T13	Arg2:T34
8943052	CPR:9	Arg1:T9	Arg2:T32
8951675	CPR:9	Arg1:T19	Arg2:T25
8951675	CPR:9	Arg1:T19	Arg2:T26
9008235	CPR:9	Arg1:T5	Arg2:T15
9008235	CPR:9	Arg1:T5	Arg2:T14
9256165	CPR:9	Arg1:T13	Arg2:T36
9256165	CPR:9	Arg1:T12	Arg2:T35
9256165	CPR:9	Arg1:T12	Arg2:T36
9256165	CPR:9	Arg1:T12	Arg2:T37
9256165	CPR:9	Arg1:T18	Arg2:T40
9256165	CPR:9	Arg1:T12	Arg2:T38
9310349	CPR:9	Arg1:T22	Arg2:T25
9310349	CPR:9	Arg1:T22	Arg2:T26
9310349	CPR:9	Arg1:T4	Arg2:T29
9310349	CPR:9	Arg1:T22	Arg2:T27
9310349	CPR:9	Arg1:T20	Arg2:T38
9310349	CPR:9	Arg1:T19	Arg2:T38
9310349	CPR:9	Arg1:T14	Arg2:T35
9310349	CPR:9	Arg1:T11	Arg2:T32
9310349	CPR:9	Arg1:T11	Arg2:T33
9310349	CPR:9	Arg1:T16	Arg2:T36
9336833	CPR:9	Arg1:T14	Arg2:T33
9336833	CPR:9	Arg1:T17	Arg2:T33
9336833	CPR:9	Arg1:T10	Arg2:T32
9336833	CPR:9	Arg1:T10	Arg2:T33
9336833	CPR:9	Arg1:T8	Arg2:T33
9336833	CPR:9	Arg1:T8	Arg2:T32
9336833	CPR:9	Arg1:T16	Arg2:T33
9336833	CPR:9	Arg1:T15	Arg2:T33
9525969	CPR:9	Arg1:T2	Arg2:T37
9584217	CPR:9	Arg1:T2	Arg2:T16
9626023	CPR:9	Arg1:T9	Arg2:T29
9626023	CPR:9	Arg1:T8	Arg2:T18
9626023	CPR:9	Arg1:T8	Arg2:T19
9626023	CPR:9	Arg1:T7	Arg2:T16
9626023	CPR:9	Arg1:T7	Arg2:T17
9626023	CPR:9	Arg1:T7	Arg2:T15
9626023	CPR:9	Arg1:T9	Arg2:T30
9836297	CPR:9	Arg1:T5	Arg2:T36
9836297	CPR:9	Arg1:T29	Arg2:T40
9836297	CPR:9	Arg1:T28	Arg2:T41
9836297	CPR:9	Arg1:T31	Arg2:T43
9836297	CPR:9	Arg1:T29	Arg2:T42
9836297	CPR:9	Arg1:T29	Arg2:T37
9843368	CPR:9	Arg1:T6	Arg2:T22
9873034	CPR:9	Arg1:T20	Arg2:T50
9873034	CPR:9	Arg1:T27	Arg2:T55
9873034	CPR:9	Arg1:T27	Arg2:T54
9873034	CPR:9	Arg1:T26	Arg2:T54
9873034	CPR:9	Arg1:T26	Arg2:T55
9873034	CPR:9	Arg1:T19	Arg2:T50
9873034	CPR:9	Arg1:T16	Arg2:T50
9873034	CPR:9	Arg1:T18	Arg2:T50
10027835	CPR:9	Arg1:T1	Arg2:T43
10027835	CPR:9	Arg1:T1	Arg2:T44
10027835	CPR:9	Arg1:T9	Arg2:T28
10027835	CPR:9	Arg1:T1	Arg2:T41
10027835	CPR:9	Arg1:T9	Arg2:T29
10027835	CPR:9	Arg1:T1	Arg2:T42
10027835	CPR:9	Arg1:T10	Arg2:T30
10027835	CPR:9	Arg1:T10	Arg2:T32
10027835	CPR:9	Arg1:T9	Arg2:T31
10027835	CPR:9	Arg1:T9	Arg2:T30
10027835	CPR:9	Arg1:T9	Arg2:T32
10027835	CPR:9	Arg1:T1	Arg2:T40
10027835	CPR:9	Arg1:T4	Arg2:T27
10027835	CPR:9	Arg1:T12	Arg2:T33
10027835	CPR:9	Arg1:T10	Arg2:T28
10027835	CPR:9	Arg1:T20	Arg2:T41
10027835	CPR:9	Arg1:T20	Arg2:T44
10063489	CPR:9	Arg1:T22	Arg2:T30
10063489	CPR:9	Arg1:T20	Arg2:T30
10063489	CPR:9	Arg1:T12	Arg2:T30
10102370	CPR:9	Arg1:T9	Arg2:T29
10102370	CPR:9	Arg1:T10	Arg2:T29
10102370	CPR:9	Arg1:T10	Arg2:T31
10102370	CPR:9	Arg1:T9	Arg2:T31
10208549	CPR:9	Arg1:T6	Arg2:T17
10208549	CPR:9	Arg1:T4	Arg2:T17
10208549	CPR:9	Arg1:T6	Arg2:T18
10208549	CPR:9	Arg1:T4	Arg2:T18
10208549	CPR:9	Arg1:T11	Arg2:T21
10208549	CPR:9	Arg1:T8	Arg2:T20
10208549	CPR:9	Arg1:T1	Arg2:T14
10215901	CPR:9	Arg1:T7	Arg2:T16
10215901	CPR:9	Arg1:T6	Arg2:T15
10215901	CPR:9	Arg1:T11	Arg2:T13
10215901	CPR:9	Arg1:T12	Arg2:T17
10215901	CPR:9	Arg1:T5	Arg2:T14
10220944	CPR:9	Arg1:T7	Arg2:T15
10220944	CPR:9	Arg1:T5	Arg2:T13
10220944	CPR:9	Arg1:T5	Arg2:T12
10231134	CPR:9	Arg1:T18	Arg2:T32
10405348	CPR:9	Arg1:T17	Arg2:T39
10405348	CPR:9	Arg1:T17	Arg2:T37
10420171	CPR:9	Arg1:T15	Arg2:T31
10421446	CPR:9	Arg1:T28	Arg2:T43
10421446	CPR:9	Arg1:T18	Arg2:T42
10421446	CPR:9	Arg1:T18	Arg2:T41
10421446	CPR:9	Arg1:T16	Arg2:T37
10460642	CPR:9	Arg1:T4	Arg2:T14
10460642	CPR:9	Arg1:T8	Arg2:T23
10460642	CPR:9	Arg1:T8	Arg2:T24
10475242	CPR:9	Arg1:T8	Arg2:T21
10475242	CPR:9	Arg1:T8	Arg2:T22
10485486	CPR:9	Arg1:T6	Arg2:T19
10485486	CPR:9	Arg1:T5	Arg2:T17
10485486	CPR:9	Arg1:T4	Arg2:T17
10518812	CPR:9	Arg1:T14	Arg2:T19
10518812	CPR:9	Arg1:T13	Arg2:T20
10518812	CPR:9	Arg1:T14	Arg2:T20
10518812	CPR:9	Arg1:T13	Arg2:T19
10548268	CPR:9	Arg1:T24	Arg2:T33
10548268	CPR:9	Arg1:T24	Arg2:T34
10580458	CPR:9	Arg1:T9	Arg2:T18
10598120	CPR:9	Arg1:T17	Arg2:T31
10598120	CPR:9	Arg1:T17	Arg2:T32
10598120	CPR:9	Arg1:T8	Arg2:T25
10598120	CPR:9	Arg1:T17	Arg2:T18
10598120	CPR:9	Arg1:T5	Arg2:T23
10598120	CPR:9	Arg1:T10	Arg2:T26
10614682	CPR:9	Arg1:T14	Arg2:T24
10653606	CPR:9	Arg1:T4	Arg2:T29
10658902	CPR:9	Arg1:T8	Arg2:T50
10667230	CPR:9	Arg1:T4	Arg2:T13
10667230	CPR:9	Arg1:T4	Arg2:T12
10682715	CPR:9	Arg1:T19	Arg2:T27
10682715	CPR:9	Arg1:T19	Arg2:T26
10682715	CPR:9	Arg1:T11	Arg2:T24
10685879	CPR:9	Arg1:T26	Arg2:T34
10685879	CPR:9	Arg1:T26	Arg2:T33
10685879	CPR:9	Arg1:T27	Arg2:T33
10685879	CPR:9	Arg1:T26	Arg2:T35
10685879	CPR:9	Arg1:T28	Arg2:T47
10685879	CPR:9	Arg1:T27	Arg2:T47
10685879	CPR:9	Arg1:T26	Arg2:T47
10708100	CPR:9	Arg1:T11	Arg2:T28
10708100	CPR:9	Arg1:T15	Arg2:T30
10708100	CPR:9	Arg1:T15	Arg2:T33
10708100	CPR:9	Arg1:T15	Arg2:T34
10708100	CPR:9	Arg1:T13	Arg2:T28
10727528	CPR:9	Arg1:T9	Arg2:T28
10727528	CPR:9	Arg1:T9	Arg2:T29
10727528	CPR:9	Arg1:T13	Arg2:T35
10727528	CPR:9	Arg1:T13	Arg2:T33
10727528	CPR:9	Arg1:T15	Arg2:T35
10727528	CPR:9	Arg1:T12	Arg2:T33
10727528	CPR:9	Arg1:T11	Arg2:T30
10727528	CPR:9	Arg1:T14	Arg2:T35
10727528	CPR:9	Arg1:T2	Arg2:T19
10727528	CPR:9	Arg1:T11	Arg2:T32
10727528	CPR:9	Arg1:T8	Arg2:T28
10727528	CPR:9	Arg1:T8	Arg2:T29
10727528	CPR:9	Arg1:T8	Arg2:T27
10768298	CPR:9	Arg1:T7	Arg2:T24
10768298	CPR:9	Arg1:T7	Arg2:T23
10768298	CPR:9	Arg1:T6	Arg2:T26
10768298	CPR:9	Arg1:T6	Arg2:T25
10768298	CPR:9	Arg1:T6	Arg2:T24
10768298	CPR:9	Arg1:T7	Arg2:T25
10768298	CPR:9	Arg1:T4	Arg2:T21
10768298	CPR:9	Arg1:T8	Arg2:T22
10768298	CPR:9	Arg1:T6	Arg2:T23
10768298	CPR:9	Arg1:T1	Arg2:T20
10768298	CPR:9	Arg1:T5	Arg2:T28
10768298	CPR:9	Arg1:T5	Arg2:T27
10768298	CPR:9	Arg1:T5	Arg2:T24
10768298	CPR:9	Arg1:T5	Arg2:T23
10768298	CPR:9	Arg1:T5	Arg2:T26
10768298	CPR:9	Arg1:T5	Arg2:T25
10768298	CPR:9	Arg1:T1	Arg2:T19
10768298	CPR:9	Arg1:T1	Arg2:T18
10768298	CPR:9	Arg1:T10	Arg2:T22
10768298	CPR:9	Arg1:T1	Arg2:T16
10768298	CPR:9	Arg1:T1	Arg2:T15
10799660	CPR:9	Arg1:T14	Arg2:T28
10799660	CPR:9	Arg1:T7	Arg2:T24
10799660	CPR:9	Arg1:T1	Arg2:T29
10799660	CPR:9	Arg1:T1	Arg2:T23
10799660	CPR:9	Arg1:T21	Arg2:T34
10799660	CPR:9	Arg1:T1	Arg2:T31
10799660	CPR:9	Arg1:T1	Arg2:T33
10799660	CPR:9	Arg1:T1	Arg2:T34
10799660	CPR:9	Arg1:T16	Arg2:T30
10799660	CPR:9	Arg1:T7	Arg2:T25
10799660	CPR:9	Arg1:T16	Arg2:T32
10799660	CPR:9	Arg1:T15	Arg2:T28
10814540	CPR:9	Arg1:T18	Arg2:T33
10814540	CPR:9	Arg1:T17	Arg2:T33
10814540	CPR:9	Arg1:T10	Arg2:T30
10814540	CPR:9	Arg1:T12	Arg2:T30
10814540	CPR:9	Arg1:T14	Arg2:T33
10814540	CPR:9	Arg1:T8	Arg2:T29
10823899	CPR:9	Arg1:T18	Arg2:T39
10823899	CPR:9	Arg1:T18	Arg2:T38
10823899	CPR:9	Arg1:T17	Arg2:T39
10823899	CPR:9	Arg1:T17	Arg2:T38
10823899	CPR:9	Arg1:T19	Arg2:T39
10823899	CPR:9	Arg1:T19	Arg2:T38
10823899	CPR:9	Arg1:T16	Arg2:T33
10841524	CPR:9	Arg1:T18	Arg2:T40
10841524	CPR:9	Arg1:T21	Arg2:T41
10882160	CPR:9	Arg1:T1	Arg2:T46
10882160	CPR:9	Arg1:T34	Arg2:T51
10882160	CPR:9	Arg1:T25	Arg2:T50
10882387	CPR:9	Arg1:T10	Arg2:T32
10882387	CPR:9	Arg1:T23	Arg2:T39
10882387	CPR:9	Arg1:T25	Arg2:T30
10882387	CPR:9	Arg1:T23	Arg2:T40
10882387	CPR:9	Arg1:T29	Arg2:T42
10884561	CPR:9	Arg1:T29	Arg2:T41
10884561	CPR:9	Arg1:T29	Arg2:T42
10898598	CPR:9	Arg1:T1	Arg2:T50
10898598	CPR:9	Arg1:T1	Arg2:T33
10898598	CPR:9	Arg1:T1	Arg2:T36
10898598	CPR:9	Arg1:T7	Arg2:T31
10898598	CPR:9	Arg1:T24	Arg2:T40
10898598	CPR:9	Arg1:T17	Arg2:T35
10898598	CPR:9	Arg1:T17	Arg2:T34
10898598	CPR:9	Arg1:T20	Arg2:T36
10898598	CPR:9	Arg1:T20	Arg2:T33
10898598	CPR:9	Arg1:T25	Arg2:T43
10898598	CPR:9	Arg1:T23	Arg2:T38
10898598	CPR:9	Arg1:T25	Arg2:T41
10898598	CPR:9	Arg1:T23	Arg2:T39
10898598	CPR:9	Arg1:T25	Arg2:T40
10898598	CPR:9	Arg1:T15	Arg2:T32
10905636	CPR:9	Arg1:T4	Arg2:T23
10905636	CPR:9	Arg1:T14	Arg2:T29
10905636	CPR:9	Arg1:T12	Arg2:T29
10905636	CPR:9	Arg1:T5	Arg2:T23
10929089	CPR:9	Arg1:T6	Arg2:T27
10929089	CPR:9	Arg1:T6	Arg2:T26
10929089	CPR:9	Arg1:T6	Arg2:T29
10929089	CPR:9	Arg1:T6	Arg2:T28
10929089	CPR:9	Arg1:T6	Arg2:T30
10929089	CPR:9	Arg1:T6	Arg2:T33
10929089	CPR:9	Arg1:T6	Arg2:T31
10932681	CPR:9	Arg1:T12	Arg2:T20
10932681	CPR:9	Arg1:T13	Arg2:T20
10953053	CPR:9	Arg1:T17	Arg2:T28
10953053	CPR:9	Arg1:T13	Arg2:T25
10953053	CPR:9	Arg1:T13	Arg2:T24
10953053	CPR:9	Arg1:T13	Arg2:T26
10953053	CPR:9	Arg1:T10	Arg2:T24
10953053	CPR:9	Arg1:T1	Arg2:T28
10953053	CPR:9	Arg1:T3	Arg2:T27
10981253	CPR:9	Arg1:T15	Arg2:T29
10981253	CPR:9	Arg1:T18	Arg2:T30
10981253	CPR:9	Arg1:T17	Arg2:T30
11009046	CPR:9	Arg1:T12	Arg2:T48
11040230	CPR:9	Arg1:T6	Arg2:T15
11040230	CPR:9	Arg1:T1	Arg2:T16
11040230	CPR:9	Arg1:T1	Arg2:T15
11053214	CPR:9	Arg1:T19	Arg2:T32
11053214	CPR:9	Arg1:T16	Arg2:T30
11054378	CPR:9	Arg1:T10	Arg2:T30
11054378	CPR:9	Arg1:T15	Arg2:T40
11054378	CPR:9	Arg1:T17	Arg2:T41
11054378	CPR:9	Arg1:T18	Arg2:T20
11054378	CPR:9	Arg1:T8	Arg2:T29
11054378	CPR:9	Arg1:T18	Arg2:T21
11054378	CPR:9	Arg1:T13	Arg2:T35
11054378	CPR:9	Arg1:T12	Arg2:T32
11054378	CPR:9	Arg1:T14	Arg2:T37
11054378	CPR:9	Arg1:T18	Arg2:T43
11054378	CPR:9	Arg1:T19	Arg2:T50
11054378	CPR:9	Arg1:T19	Arg2:T49
11060293	CPR:9	Arg1:T23	Arg2:T50
11060293	CPR:9	Arg1:T30	Arg2:T54
11060293	CPR:9	Arg1:T16	Arg2:T46
11060293	CPR:9	Arg1:T15	Arg2:T45
11060293	CPR:9	Arg1:T24	Arg2:T50
11060293	CPR:9	Arg1:T14	Arg2:T44
11060293	CPR:9	Arg1:T21	Arg2:T50
11060293	CPR:9	Arg1:T26	Arg2:T50
11060293	CPR:9	Arg1:T20	Arg2:T48
11060293	CPR:9	Arg1:T28	Arg2:T53
11060293	CPR:9	Arg1:T25	Arg2:T50
11069618	CPR:9	Arg1:T2	Arg2:T6
11069618	CPR:9	Arg1:T3	Arg2:T6
11069618	CPR:9	Arg1:T1	Arg2:T6
11078030	CPR:9	Arg1:T1	Arg2:T8
11078056	CPR:9	Arg1:T6	Arg2:T25
11078468	CPR:9	Arg1:T28	Arg2:T49
11078468	CPR:9	Arg1:T27	Arg2:T49
11078468	CPR:9	Arg1:T27	Arg2:T51
11078468	CPR:9	Arg1:T28	Arg2:T51
11106255	CPR:9	Arg1:T16	Arg2:T30
11106255	CPR:9	Arg1:T16	Arg2:T29
11118042	CPR:9	Arg1:T14	Arg2:T25
11118042	CPR:9	Arg1:T14	Arg2:T26
11118042	CPR:9	Arg1:T14	Arg2:T27
11118042	CPR:9	Arg1:T14	Arg2:T17
11118042	CPR:9	Arg1:T5	Arg2:T19
11118042	CPR:9	Arg1:T11	Arg2:T26
11118042	CPR:9	Arg1:T11	Arg2:T25
11118042	CPR:9	Arg1:T11	Arg2:T24
11118042	CPR:9	Arg1:T5	Arg2:T20
11118042	CPR:9	Arg1:T15	Arg2:T28
11118042	CPR:9	Arg1:T15	Arg2:T29
11153163	CPR:9	Arg1:T1	Arg2:T14
11179439	CPR:9	Arg1:T13	Arg2:T24
11179439	CPR:9	Arg1:T12	Arg2:T24
11246672	CPR:9	Arg1:T13	Arg2:T26
11374034	CPR:9	Arg1:T6	Arg2:T27
11374034	CPR:9	Arg1:T6	Arg2:T26
11374034	CPR:9	Arg1:T6	Arg2:T29
11374034	CPR:9	Arg1:T6	Arg2:T28
11426832	CPR:9	Arg1:T8	Arg2:T21
11426832	CPR:9	Arg1:T4	Arg2:T19
11426832	CPR:9	Arg1:T12	Arg2:T23
11438309	CPR:9	Arg1:T2	Arg2:T13
11438309	CPR:9	Arg1:T6	Arg2:T31
11455568	CPR:9	Arg1:T2	Arg2:T22
11455568	CPR:9	Arg1:T15	Arg2:T41
11455568	CPR:9	Arg1:T15	Arg2:T40
11455568	CPR:9	Arg1:T15	Arg2:T38
11455568	CPR:9	Arg1:T15	Arg2:T39
11455568	CPR:9	Arg1:T11	Arg2:T32
11470741	CPR:9	Arg1:T10	Arg2:T31
11470741	CPR:9	Arg1:T1	Arg2:T29
11470741	CPR:9	Arg1:T12	Arg2:T31
11470741	CPR:9	Arg1:T1	Arg2:T30
11470741	CPR:9	Arg1:T1	Arg2:T31
11470741	CPR:9	Arg1:T11	Arg2:T31
11470741	CPR:9	Arg1:T8	Arg2:T31
11488610	CPR:9	Arg1:T14	Arg2:T45
11488610	CPR:9	Arg1:T14	Arg2:T43
11488610	CPR:9	Arg1:T14	Arg2:T44
11488610	CPR:9	Arg1:T8	Arg2:T49
11488610	CPR:9	Arg1:T19	Arg2:T46
11488610	CPR:9	Arg1:T19	Arg2:T48
11504801	CPR:9	Arg1:T15	Arg2:T33
11504801	CPR:9	Arg1:T16	Arg2:T33
11524555	CPR:9	Arg1:T4	Arg2:T19
11524555	CPR:9	Arg1:T4	Arg2:T21
11524555	CPR:9	Arg1:T4	Arg2:T20
11578145	CPR:9	Arg1:T3	Arg2:T49
11602631	CPR:9	Arg1:T4	Arg2:T18
11602631	CPR:9	Arg1:T2	Arg2:T15
11602631	CPR:9	Arg1:T2	Arg2:T16
11602631	CPR:9	Arg1:T2	Arg2:T13
11602631	CPR:9	Arg1:T2	Arg2:T14
11602631	CPR:9	Arg1:T8	Arg2:T23
11602631	CPR:9	Arg1:T1	Arg2:T12
11602631	CPR:9	Arg1:T1	Arg2:T11
11602631	CPR:9	Arg1:T9	Arg2:T24
11682453	CPR:9	Arg1:T6	Arg2:T17
11682453	CPR:9	Arg1:T6	Arg2:T16
11689471	CPR:9	Arg1:T11	Arg2:T24
11689471	CPR:9	Arg1:T13	Arg2:T26
11689471	CPR:9	Arg1:T12	Arg2:T26
11741285	CPR:9	Arg1:T9	Arg2:T20
11785774	CPR:9	Arg1:T7	Arg2:T33
11785774	CPR:9	Arg1:T22	Arg2:T43
11785774	CPR:9	Arg1:T4	Arg2:T29
11785774	CPR:9	Arg1:T1	Arg2:T28
11785774	CPR:9	Arg1:T1	Arg2:T27
11785774	CPR:9	Arg1:T25	Arg2:T47
11785774	CPR:9	Arg1:T18	Arg2:T41
11811354	CPR:4	Arg1:T15	Arg2:T35
11916794	CPR:9	Arg1:T26	Arg2:T32
11916794	CPR:9	Arg1:T24	Arg2:T32
11920914	CPR:9	Arg1:T3	Arg2:T21
11920914	CPR:9	Arg1:T3	Arg2:T20
11920914	CPR:9	Arg1:T3	Arg2:T19
11920914	CPR:9	Arg1:T3	Arg2:T18
11980628	CPR:9	Arg1:T11	Arg2:T45
11980628	CPR:9	Arg1:T16	Arg2:T48
11980628	CPR:9	Arg1:T16	Arg2:T49
11980628	CPR:9	Arg1:T34	Arg2:T39
11980628	CPR:9	Arg1:T15	Arg2:T49
11980628	CPR:9	Arg1:T15	Arg2:T48
11980628	CPR:9	Arg1:T1	Arg2:T40
11980628	CPR:9	Arg1:T14	Arg2:T47
11980628	CPR:9	Arg1:T7	Arg2:T43
11980628	CPR:9	Arg1:T19	Arg2:T59
11980628	CPR:9	Arg1:T19	Arg2:T58
11980628	CPR:9	Arg1:T9	Arg2:T44
12023686	CPR:9	Arg1:T34	Arg2:T46
12023686	CPR:9	Arg1:T19	Arg2:T42
12023686	CPR:9	Arg1:T12	Arg2:T40
12055598	CPR:9	Arg1:T12	Arg2:T33
12055598	CPR:9	Arg1:T12	Arg2:T34
12055598	CPR:9	Arg1:T6	Arg2:T27
12055598	CPR:9	Arg1:T5	Arg2:T28
12055598	CPR:9	Arg1:T11	Arg2:T32
12055598	CPR:9	Arg1:T5	Arg2:T27
12055598	CPR:9	Arg1:T6	Arg2:T26
12055598	CPR:9	Arg1:T11	Arg2:T31
12055598	CPR:9	Arg1:T6	Arg2:T25
12055598	CPR:9	Arg1:T2	Arg2:T18
12055598	CPR:9	Arg1:T5	Arg2:T26
12055598	CPR:9	Arg1:T6	Arg2:T28
12055598	CPR:9	Arg1:T5	Arg2:T25
12055598	CPR:9	Arg1:T7	Arg2:T25
12055598	CPR:9	Arg1:T7	Arg2:T26
12055598	CPR:9	Arg1:T7	Arg2:T27
12055598	CPR:9	Arg1:T7	Arg2:T28
12085361	CPR:9	Arg1:T6	Arg2:T44
12085361	CPR:9	Arg1:T6	Arg2:T45
12085361	CPR:9	Arg1:T6	Arg2:T46
12086935	CPR:9	Arg1:T2	Arg2:T23
12086935	CPR:9	Arg1:T14	Arg2:T25
12086935	CPR:9	Arg1:T13	Arg2:T23
12086935	CPR:9	Arg1:T11	Arg2:T23
12086935	CPR:9	Arg1:T7	Arg2:T21
12086935	CPR:9	Arg1:T11	Arg2:T24
12086935	CPR:9	Arg1:T8	Arg2:T23
12135320	CPR:9	Arg1:T7	Arg2:T11
12135320	CPR:9	Arg1:T8	Arg2:T11
12135320	CPR:9	Arg1:T5	Arg2:T11
12183691	CPR:9	Arg1:T9	Arg2:T27
12183691	CPR:9	Arg1:T9	Arg2:T28
12183691	CPR:9	Arg1:T22	Arg2:T24
12183691	CPR:9	Arg1:T22	Arg2:T25
12183691	CPR:9	Arg1:T3	Arg2:T24
12183691	CPR:9	Arg1:T3	Arg2:T25
12213059	CPR:9	Arg1:T11	Arg2:T25
12213059	CPR:9	Arg1:T11	Arg2:T28
12213059	CPR:9	Arg1:T11	Arg2:T29
12358053	CPR:9	Arg1:T3	Arg2:T17
12409963	CPR:9	Arg1:T7	Arg2:T20
12409963	CPR:9	Arg1:T7	Arg2:T24
12409963	CPR:9	Arg1:T7	Arg2:T23
12409963	CPR:9	Arg1:T7	Arg2:T22
12409963	CPR:9	Arg1:T7	Arg2:T21
12409963	CPR:9	Arg1:T7	Arg2:T25
12414329	CPR:9	Arg1:T11	Arg2:T23
12414329	CPR:9	Arg1:T11	Arg2:T26
12414329	CPR:9	Arg1:T11	Arg2:T12
12414329	CPR:9	Arg1:T11	Arg2:T25
12416991	CPR:9	Arg1:T38	Arg2:T50
12475743	CPR:9	Arg1:T8	Arg2:T26
12481202	CPR:9	Arg1:T15	Arg2:T37
12481202	CPR:9	Arg1:T15	Arg2:T34
12481202	CPR:9	Arg1:T14	Arg2:T37
12481202	CPR:9	Arg1:T14	Arg2:T34
12512695	CPR:9	Arg1:T2	Arg2:T20
12512695	CPR:9	Arg1:T8	Arg2:T26
12512695	CPR:9	Arg1:T3	Arg2:T20
12512695	CPR:9	Arg1:T9	Arg2:T26
12527923	CPR:9	Arg1:T4	Arg2:T17
12527923	CPR:9	Arg1:T4	Arg2:T18
12527923	CPR:9	Arg1:T5	Arg2:T18
12527923	CPR:9	Arg1:T5	Arg2:T17
12527923	CPR:9	Arg1:T3	Arg2:T17
12527923	CPR:9	Arg1:T3	Arg2:T18
12531805	CPR:9	Arg1:T10	Arg2:T39
12531805	CPR:9	Arg1:T10	Arg2:T38
12531805	CPR:9	Arg1:T9	Arg2:T33
12531805	CPR:9	Arg1:T9	Arg2:T35
12531805	CPR:9	Arg1:T9	Arg2:T34
12531805	CPR:9	Arg1:T9	Arg2:T37
12531805	CPR:9	Arg1:T9	Arg2:T36
12531805	CPR:9	Arg1:T4	Arg2:T17
12531805	CPR:9	Arg1:T1	Arg2:T33
12531805	CPR:9	Arg1:T1	Arg2:T34
12531805	CPR:9	Arg1:T1	Arg2:T35
12531805	CPR:9	Arg1:T1	Arg2:T36
12531805	CPR:9	Arg1:T2	Arg2:T14
12531805	CPR:9	Arg1:T1	Arg2:T37
12531805	CPR:9	Arg1:T3	Arg2:T16
12531805	CPR:9	Arg1:T10	Arg2:T12
12531805	CPR:9	Arg1:T8	Arg2:T25
12531805	CPR:9	Arg1:T1	Arg2:T13
12545203	CPR:9	Arg1:T1	Arg2:T20
12564662	CPR:9	Arg1:T16	Arg2:T21
12564662	CPR:9	Arg1:T1	Arg2:T21
12564662	CPR:9	Arg1:T4	Arg2:T21
12589193	CPR:9	Arg1:T12	Arg2:T27
12589193	CPR:9	Arg1:T12	Arg2:T26
12589193	CPR:9	Arg1:T12	Arg2:T25
12589193	CPR:9	Arg1:T9	Arg2:T23
12589193	CPR:9	Arg1:T13	Arg2:T25
12589193	CPR:9	Arg1:T13	Arg2:T27
12589193	CPR:9	Arg1:T13	Arg2:T26
12652111	CPR:9	Arg1:T11	Arg2:T42
12652111	CPR:9	Arg1:T24	Arg2:T49
12652111	CPR:9	Arg1:T8	Arg2:T40
12652111	CPR:9	Arg1:T13	Arg2:T43
12652111	CPR:9	Arg1:T15	Arg2:T45
12652111	CPR:9	Arg1:T1	Arg2:T52
12652111	CPR:9	Arg1:T24	Arg2:T50
12652111	CPR:9	Arg1:T34	Arg2:T51
12652111	CPR:9	Arg1:T13	Arg2:T44
12652111	CPR:9	Arg1:T36	Arg2:T53
12652111	CPR:9	Arg1:T19	Arg2:T46
12652111	CPR:9	Arg1:T10	Arg2:T45
12652111	CPR:9	Arg1:T9	Arg2:T42
12652111	CPR:9	Arg1:T5	Arg2:T51
12652111	CPR:9	Arg1:T23	Arg2:T48
12652111	CPR:9	Arg1:T1	Arg2:T40
12652111	CPR:9	Arg1:T23	Arg2:T47
12697717	CPR:9	Arg1:T18	Arg2:T40
12697717	CPR:9	Arg1:T1	Arg2:T40
12713596	CPR:9	Arg1:T11	Arg2:T23
12713596	CPR:9	Arg1:T11	Arg2:T20
12713596	CPR:9	Arg1:T7	Arg2:T17
12713596	CPR:9	Arg1:T4	Arg2:T15
12713596	CPR:9	Arg1:T13	Arg2:T26
12713596	CPR:9	Arg1:T12	Arg2:T25
12713596	CPR:9	Arg1:T12	Arg2:T21
12755690	CPR:9	Arg1:T38	Arg2:T54
12755690	CPR:9	Arg1:T35	Arg2:T53
12755690	CPR:9	Arg1:T4	Arg2:T46
12755690	CPR:9	Arg1:T23	Arg2:T51
12755690	CPR:9	Arg1:T3	Arg2:T46
12755690	CPR:9	Arg1:T24	Arg2:T51
12755690	CPR:9	Arg1:T22	Arg2:T51
12755690	CPR:9	Arg1:T39	Arg2:T54
12755690	CPR:9	Arg1:T13	Arg2:T48
12755690	CPR:9	Arg1:T6	Arg2:T46
12755690	CPR:9	Arg1:T36	Arg2:T53
12755690	CPR:9	Arg1:T10	Arg2:T48
12755690	CPR:9	Arg1:T16	Arg2:T50
12826849	CPR:9	Arg1:T14	Arg2:T28
12826849	CPR:9	Arg1:T18	Arg2:T31
12826849	CPR:9	Arg1:T11	Arg2:T27
12826849	CPR:9	Arg1:T13	Arg2:T28
12826849	CPR:9	Arg1:T10	Arg2:T26
12826849	CPR:9	Arg1:T10	Arg2:T24
12826849	CPR:9	Arg1:T12	Arg2:T28
12871140	CPR:9	Arg1:T6	Arg2:T13
12872009	CPR:9	Arg1:T30	Arg2:T47
12897749	CPR:9	Arg1:T10	Arg2:T37
12907245	CPR:9	Arg1:T8	Arg2:T26
12907245	CPR:9	Arg1:T8	Arg2:T27
12907245	CPR:9	Arg1:T8	Arg2:T25
12930836	CPR:9	Arg1:T9	Arg2:T27
12930836	CPR:9	Arg1:T18	Arg2:T32
12930836	CPR:9	Arg1:T17	Arg2:T32
12930836	CPR:9	Arg1:T8	Arg2:T25
12930836	CPR:9	Arg1:T9	Arg2:T26
14500570	CPR:9	Arg1:T6	Arg2:T25
14500570	CPR:9	Arg1:T5	Arg2:T24
14500570	CPR:9	Arg1:T11	Arg2:T27
14500570	CPR:9	Arg1:T15	Arg2:T29
14500570	CPR:9	Arg1:T16	Arg2:T29
14504136	CPR:9	Arg1:T18	Arg2:T49
14504136	CPR:9	Arg1:T18	Arg2:T50
14504136	CPR:9	Arg1:T18	Arg2:T51
14504136	CPR:9	Arg1:T18	Arg2:T54
14504136	CPR:9	Arg1:T18	Arg2:T52
14504136	CPR:9	Arg1:T18	Arg2:T53
14504136	CPR:9	Arg1:T22	Arg2:T60
14504136	CPR:9	Arg1:T22	Arg2:T62
14596599	CPR:9	Arg1:T8	Arg2:T37
14596599	CPR:9	Arg1:T8	Arg2:T45
14596599	CPR:9	Arg1:T8	Arg2:T46
14596599	CPR:9	Arg1:T28	Arg2:T45
14596599	CPR:9	Arg1:T28	Arg2:T46
14596599	CPR:9	Arg1:T28	Arg2:T37
14626653	CPR:9	Arg1:T12	Arg2:T19
14626653	CPR:9	Arg1:T11	Arg2:T19
14626653	CPR:9	Arg1:T1	Arg2:T17
14626653	CPR:9	Arg1:T10	Arg2:T19
14633707	CPR:9	Arg1:T1	Arg2:T7
14633707	CPR:9	Arg1:T1	Arg2:T8
14633707	CPR:9	Arg1:T2	Arg2:T14
14633707	CPR:9	Arg1:T4	Arg2:T19
14633707	CPR:9	Arg1:T3	Arg2:T17
14633707	CPR:9	Arg1:T3	Arg2:T16
14633707	CPR:9	Arg1:T4	Arg2:T21
14646100	CPR:9	Arg1:T2	Arg2:T11
14646100	CPR:9	Arg1:T2	Arg2:T9
14646100	CPR:9	Arg1:T7	Arg2:T11
14646100	CPR:9	Arg1:T6	Arg2:T11
14646100	CPR:9	Arg1:T7	Arg2:T9
14646100	CPR:9	Arg1:T6	Arg2:T9
14654525	CPR:9	Arg1:T6	Arg2:T8
14654525	CPR:9	Arg1:T3	Arg2:T30
14654525	CPR:9	Arg1:T3	Arg2:T24
14654525	CPR:9	Arg1:T3	Arg2:T23
14654525	CPR:9	Arg1:T3	Arg2:T21
14654525	CPR:9	Arg1:T3	Arg2:T28
14654525	CPR:9	Arg1:T3	Arg2:T27
14654525	CPR:9	Arg1:T3	Arg2:T26
14654525	CPR:9	Arg1:T3	Arg2:T25
14654525	CPR:9	Arg1:T2	Arg2:T23
14654525	CPR:9	Arg1:T1	Arg2:T30
14654525	CPR:9	Arg1:T2	Arg2:T21
14654525	CPR:9	Arg1:T2	Arg2:T27
14654525	CPR:9	Arg1:T2	Arg2:T26
14654525	CPR:9	Arg1:T2	Arg2:T25
14654525	CPR:9	Arg1:T2	Arg2:T24
14654525	CPR:9	Arg1:T2	Arg2:T28
14654525	CPR:9	Arg1:T7	Arg2:T33
14654525	CPR:9	Arg1:T6	Arg2:T32
14654525	CPR:9	Arg1:T2	Arg2:T30
14654525	CPR:9	Arg1:T1	Arg2:T28
14654525	CPR:9	Arg1:T1	Arg2:T27
14654525	CPR:9	Arg1:T1	Arg2:T24
14654525	CPR:9	Arg1:T1	Arg2:T23
14654525	CPR:9	Arg1:T1	Arg2:T26
14654525	CPR:9	Arg1:T1	Arg2:T25
14654525	CPR:9	Arg1:T1	Arg2:T21
14654525	CPR:9	Arg1:T4	Arg2:T31
14654525	CPR:9	Arg1:T5	Arg2:T32
14687437	CPR:9	Arg1:T10	Arg2:T24
14687437	CPR:9	Arg1:T9	Arg2:T21
14687437	CPR:9	Arg1:T9	Arg2:T24
14687437	CPR:9	Arg1:T9	Arg2:T23
14693528	CPR:9	Arg1:T7	Arg2:T34
14741265	CPR:9	Arg1:T7	Arg2:T9
14742690	CPR:9	Arg1:T1	Arg2:T43
14742690	CPR:9	Arg1:T10	Arg2:T43
14751502	CPR:9	Arg1:T11	Arg2:T44
14751502	CPR:9	Arg1:T11	Arg2:T43
14751502	CPR:9	Arg1:T10	Arg2:T39
14751502	CPR:9	Arg1:T11	Arg2:T40
14751502	CPR:9	Arg1:T10	Arg2:T38
14751502	CPR:9	Arg1:T11	Arg2:T41
14751502	CPR:9	Arg1:T7	Arg2:T24
14751502	CPR:9	Arg1:T5	Arg2:T21
14751502	CPR:9	Arg1:T5	Arg2:T20
14751502	CPR:9	Arg1:T2	Arg2:T12
14751502	CPR:9	Arg1:T9	Arg2:T38
14751502	CPR:9	Arg1:T4	Arg2:T16
14751502	CPR:9	Arg1:T9	Arg2:T39
14751502	CPR:9	Arg1:T2	Arg2:T13
14751502	CPR:9	Arg1:T1	Arg2:T38
14751502	CPR:9	Arg1:T1	Arg2:T39
14751502	CPR:9	Arg1:T7	Arg2:T31
14751502	CPR:9	Arg1:T7	Arg2:T30
14751502	CPR:9	Arg1:T7	Arg2:T27
14751502	CPR:9	Arg1:T8	Arg2:T34
14751502	CPR:9	Arg1:T7	Arg2:T28
14751502	CPR:9	Arg1:T8	Arg2:T33
14751502	CPR:9	Arg1:T7	Arg2:T29
14751502	CPR:9	Arg1:T8	Arg2:T32
14751502	CPR:9	Arg1:T1	Arg2:T13
14751502	CPR:9	Arg1:T1	Arg2:T12
14971907	CPR:9	Arg1:T1	Arg2:T27
14971907	CPR:9	Arg1:T8	Arg2:T28
15002740	CPR:9	Arg1:T7	Arg2:T22
15002740	CPR:9	Arg1:T7	Arg2:T21
15002740	CPR:9	Arg1:T10	Arg2:T21
15002740	CPR:9	Arg1:T10	Arg2:T22
15002740	CPR:9	Arg1:T6	Arg2:T21
15002740	CPR:9	Arg1:T6	Arg2:T22
15011952	CPR:9	Arg1:T2	Arg2:T17
15011952	CPR:9	Arg1:T1	Arg2:T17
15016471	CPR:9	Arg1:T37	Arg2:T72
15016471	CPR:9	Arg1:T36	Arg2:T72
15016471	CPR:9	Arg1:T38	Arg2:T72
15016471	CPR:9	Arg1:T35	Arg2:T72
15016471	CPR:9	Arg1:T40	Arg2:T72
15106733	CPR:9	Arg1:T5	Arg2:T29
15106733	CPR:9	Arg1:T5	Arg2:T31
15106733	CPR:9	Arg1:T9	Arg2:T46
15123288	CPR:9	Arg1:T4	Arg2:T15
15123288	CPR:9	Arg1:T4	Arg2:T16
15123288	CPR:9	Arg1:T2	Arg2:T15
15123288	CPR:9	Arg1:T4	Arg2:T14
15123288	CPR:9	Arg1:T2	Arg2:T14
15123288	CPR:9	Arg1:T5	Arg2:T16
15123288	CPR:9	Arg1:T5	Arg2:T15
15123288	CPR:9	Arg1:T5	Arg2:T14
15123288	CPR:9	Arg1:T3	Arg2:T15
15123288	CPR:9	Arg1:T3	Arg2:T14
15123288	CPR:9	Arg1:T3	Arg2:T16
15140914	CPR:9	Arg1:T18	Arg2:T19
15140914	CPR:9	Arg1:T17	Arg2:T19
15140914	CPR:9	Arg1:T17	Arg2:T42
15140914	CPR:9	Arg1:T12	Arg2:T20
15140914	CPR:9	Arg1:T18	Arg2:T42
15140914	CPR:9	Arg1:T18	Arg2:T44
15140914	CPR:9	Arg1:T16	Arg2:T19
15169637	CPR:9	Arg1:T6	Arg2:T11
15175324	CPR:9	Arg1:T10	Arg2:T34
15175324	CPR:9	Arg1:T16	Arg2:T47
15175324	CPR:9	Arg1:T13	Arg2:T43
15175324	CPR:9	Arg1:T13	Arg2:T44
15175324	CPR:9	Arg1:T17	Arg2:T47
15175324	CPR:9	Arg1:T12	Arg2:T34
15175324	CPR:9	Arg1:T18	Arg2:T47
15175324	CPR:9	Arg1:T5	Arg2:T30
15206110	CPR:9	Arg1:T26	Arg2:T39
15219414	CPR:9	Arg1:T4	Arg2:T26
15219414	CPR:9	Arg1:T4	Arg2:T28
15219414	CPR:9	Arg1:T17	Arg2:T37
15219414	CPR:9	Arg1:T13	Arg2:T34
15219414	CPR:9	Arg1:T15	Arg2:T36
15219414	CPR:9	Arg1:T5	Arg2:T28
15219414	CPR:9	Arg1:T7	Arg2:T30
15219414	CPR:9	Arg1:T5	Arg2:T26
15306222	CPR:9	Arg1:T5	Arg2:T19
15306222	CPR:9	Arg1:T5	Arg2:T18
15306222	CPR:9	Arg1:T5	Arg2:T20
15306222	CPR:9	Arg1:T12	Arg2:T36
15353299	CPR:9	Arg1:T13	Arg2:T31
15353299	CPR:9	Arg1:T13	Arg2:T30
15353299	CPR:9	Arg1:T20	Arg2:T31
15353299	CPR:9	Arg1:T20	Arg2:T30
15353299	CPR:9	Arg1:T18	Arg2:T31
15353299	CPR:9	Arg1:T18	Arg2:T30
15353299	CPR:9	Arg1:T17	Arg2:T31
15353299	CPR:9	Arg1:T17	Arg2:T30
15353299	CPR:9	Arg1:T21	Arg2:T31
15353299	CPR:9	Arg1:T21	Arg2:T30
15353299	CPR:9	Arg1:T15	Arg2:T30
15353299	CPR:9	Arg1:T15	Arg2:T31
15353299	CPR:9	Arg1:T19	Arg2:T31
15353299	CPR:9	Arg1:T19	Arg2:T30
15353299	CPR:9	Arg1:T14	Arg2:T30
15353299	CPR:9	Arg1:T14	Arg2:T31
15353299	CPR:9	Arg1:T16	Arg2:T30
15353299	CPR:9	Arg1:T16	Arg2:T31
15353592	CPR:9	Arg1:T12	Arg2:T33
15353592	CPR:9	Arg1:T12	Arg2:T34
15353592	CPR:9	Arg1:T12	Arg2:T29
15353592	CPR:9	Arg1:T7	Arg2:T28
15456329	CPR:9	Arg1:T18	Arg2:T35
15456329	CPR:9	Arg1:T15	Arg2:T34
15475658	CPR:9	Arg1:T13	Arg2:T15
15475658	CPR:9	Arg1:T13	Arg2:T31
15475658	CPR:9	Arg1:T10	Arg2:T30
15475658	CPR:9	Arg1:T10	Arg2:T31
15475658	CPR:9	Arg1:T9	Arg2:T30
15475658	CPR:9	Arg1:T1	Arg2:T32
15475658	CPR:9	Arg1:T1	Arg2:T33
15475658	CPR:9	Arg1:T2	Arg2:T15
15475658	CPR:9	Arg1:T2	Arg2:T16
15475658	CPR:9	Arg1:T14	Arg2:T32
15475658	CPR:9	Arg1:T14	Arg2:T33
15475658	CPR:9	Arg1:T2	Arg2:T17
15475658	CPR:9	Arg1:T6	Arg2:T24
15475658	CPR:9	Arg1:T4	Arg2:T19
15475658	CPR:9	Arg1:T7	Arg2:T29
15475658	CPR:9	Arg1:T4	Arg2:T21
15475658	CPR:9	Arg1:T4	Arg2:T20
15478125	CPR:9	Arg1:T2	Arg2:T34
15492266	CPR:9	Arg1:T10	Arg2:T30
15494548	CPR:9	Arg1:T9	Arg2:T27
15494548	CPR:9	Arg1:T9	Arg2:T28
15494548	CPR:9	Arg1:T7	Arg2:T24
15494548	CPR:9	Arg1:T7	Arg2:T22
15494548	CPR:9	Arg1:T3	Arg2:T22
15494548	CPR:9	Arg1:T8	Arg2:T25
15494548	CPR:9	Arg1:T15	Arg2:T32
15494548	CPR:9	Arg1:T15	Arg2:T33
15494548	CPR:9	Arg1:T20	Arg2:T41
15494548	CPR:9	Arg1:T20	Arg2:T40
15494548	CPR:9	Arg1:T16	Arg2:T35
15494548	CPR:9	Arg1:T16	Arg2:T39
15494548	CPR:9	Arg1:T16	Arg2:T37
15494548	CPR:9	Arg1:T9	Arg2:T25
15500910	CPR:9	Arg1:T3	Arg2:T17
15500910	CPR:9	Arg1:T3	Arg2:T26
15561708	CPR:9	Arg1:T16	Arg2:T42
15571283	CPR:9	Arg1:T4	Arg2:T22
15571283	CPR:9	Arg1:T17	Arg2:T31
15571283	CPR:9	Arg1:T11	Arg2:T27
15571283	CPR:9	Arg1:T7	Arg2:T22
15571283	CPR:9	Arg1:T13	Arg2:T27
15571283	CPR:9	Arg1:T8	Arg2:T26
15571283	CPR:9	Arg1:T8	Arg2:T27
15571283	CPR:9	Arg1:T15	Arg2:T28
15621150	CPR:9	Arg1:T6	Arg2:T18
15621150	CPR:9	Arg1:T6	Arg2:T19
15621150	CPR:9	Arg1:T5	Arg2:T19
15621150	CPR:9	Arg1:T3	Arg2:T19
15621150	CPR:9	Arg1:T5	Arg2:T18
15621150	CPR:9	Arg1:T3	Arg2:T18
15646817	CPR:9	Arg1:T22	Arg2:T42
15646817	CPR:9	Arg1:T17	Arg2:T38
15646817	CPR:9	Arg1:T17	Arg2:T40
15646817	CPR:9	Arg1:T17	Arg2:T41
15646817	CPR:9	Arg1:T23	Arg2:T38
15646817	CPR:9	Arg1:T23	Arg2:T41
15646817	CPR:9	Arg1:T23	Arg2:T40
15646817	CPR:9	Arg1:T25	Arg2:T32
15655513	CPR:9	Arg1:T9	Arg2:T28
15655513	CPR:9	Arg1:T6	Arg2:T19
15655513	CPR:9	Arg1:T17	Arg2:T33
15655513	CPR:9	Arg1:T10	Arg2:T30
15655513	CPR:9	Arg1:T10	Arg2:T32
15655513	CPR:9	Arg1:T8	Arg2:T22
15655513	CPR:9	Arg1:T12	Arg2:T31
15655513	CPR:9	Arg1:T4	Arg2:T21
15655513	CPR:9	Arg1:T4	Arg2:T20
15655513	CPR:9	Arg1:T9	Arg2:T25
15674236	CPR:9	Arg1:T3	Arg2:T15
15674236	CPR:9	Arg1:T11	Arg2:T23
15674236	CPR:9	Arg1:T11	Arg2:T22
15674236	CPR:9	Arg1:T8	Arg2:T17
15674236	CPR:9	Arg1:T8	Arg2:T18
15674236	CPR:9	Arg1:T8	Arg2:T19
15694390	CPR:9	Arg1:T17	Arg2:T48
15694390	CPR:9	Arg1:T17	Arg2:T47
15699354	CPR:9	Arg1:T3	Arg2:T10
15699354	CPR:9	Arg1:T4	Arg2:T13
15699354	CPR:9	Arg1:T3	Arg2:T8
15699354	CPR:9	Arg1:T3	Arg2:T9
15705795	CPR:9	Arg1:T7	Arg2:T31
15705795	CPR:9	Arg1:T18	Arg2:T37
15713990	CPR:9	Arg1:T3	Arg2:T13
15713990	CPR:9	Arg1:T3	Arg2:T8
15746185	CPR:9	Arg1:T2	Arg2:T36
15746185	CPR:9	Arg1:T17	Arg2:T38
15746185	CPR:9	Arg1:T4	Arg2:T36
15746185	CPR:9	Arg1:T3	Arg2:T36
15746185	CPR:9	Arg1:T16	Arg2:T38
15755483	CPR:9	Arg1:T14	Arg2:T17
15771438	CPR:9	Arg1:T15	Arg2:T25
15771438	CPR:9	Arg1:T16	Arg2:T25
15771438	CPR:9	Arg1:T9	Arg2:T21
15771438	CPR:9	Arg1:T12	Arg2:T21
15794712	CPR:9	Arg1:T6	Arg2:T17
15794712	CPR:9	Arg1:T6	Arg2:T18
15794712	CPR:9	Arg1:T6	Arg2:T15
15794712	CPR:9	Arg1:T6	Arg2:T16
15794712	CPR:9	Arg1:T5	Arg2:T18
15794712	CPR:9	Arg1:T5	Arg2:T17
15794712	CPR:9	Arg1:T5	Arg2:T16
15794712	CPR:9	Arg1:T5	Arg2:T15
15814851	CPR:9	Arg1:T9	Arg2:T27
15814851	CPR:9	Arg1:T6	Arg2:T25
15814851	CPR:9	Arg1:T10	Arg2:T29
15814851	CPR:9	Arg1:T7	Arg2:T26
15814851	CPR:9	Arg1:T10	Arg2:T22
15814851	CPR:9	Arg1:T4	Arg2:T21
15837316	CPR:9	Arg1:T4	Arg2:T24
15837316	CPR:9	Arg1:T17	Arg2:T26
15837316	CPR:9	Arg1:T17	Arg2:T25
15837316	CPR:9	Arg1:T4	Arg2:T19
15837316	CPR:9	Arg1:T4	Arg2:T21
15837316	CPR:9	Arg1:T4	Arg2:T20
15840408	CPR:9	Arg1:T7	Arg2:T25
15866500	CPR:9	Arg1:T10	Arg2:T25
15866500	CPR:9	Arg1:T3	Arg2:T24
15866500	CPR:9	Arg1:T8	Arg2:T25
15866500	CPR:9	Arg1:T13	Arg2:T26
15866500	CPR:9	Arg1:T9	Arg2:T25
15880143	CPR:9	Arg1:T18	Arg2:T39
15880143	CPR:9	Arg1:T10	Arg2:T38
15880143	CPR:9	Arg1:T12	Arg2:T38
15880143	CPR:9	Arg1:T3	Arg2:T34
15880143	CPR:9	Arg1:T16	Arg2:T39
15887238	CPR:9	Arg1:T7	Arg2:T20
15887238	CPR:9	Arg1:T7	Arg2:T15
15887238	CPR:9	Arg1:T7	Arg2:T18
15887238	CPR:9	Arg1:T1	Arg2:T38
15887238	CPR:9	Arg1:T1	Arg2:T40
15887238	CPR:9	Arg1:T7	Arg2:T40
15887238	CPR:9	Arg1:T7	Arg2:T38
15887238	CPR:9	Arg1:T1	Arg2:T20
15887238	CPR:9	Arg1:T5	Arg2:T32
15887238	CPR:9	Arg1:T1	Arg2:T18
15887238	CPR:9	Arg1:T1	Arg2:T15
15892618	CPR:9	Arg1:T1	Arg2:T42
15892618	CPR:9	Arg1:T4	Arg2:T42
15892618	CPR:9	Arg1:T3	Arg2:T42
15929991	CPR:9	Arg1:T16	Arg2:T27
15929991	CPR:9	Arg1:T16	Arg2:T28
15943176	CPR:9	Arg1:T26	Arg2:T43
15943176	CPR:9	Arg1:T26	Arg2:T45
15943176	CPR:9	Arg1:T1	Arg2:T33
15943176	CPR:9	Arg1:T26	Arg2:T44
15943176	CPR:9	Arg1:T26	Arg2:T47
15943176	CPR:9	Arg1:T26	Arg2:T46
15943176	CPR:9	Arg1:T26	Arg2:T48
15943176	CPR:9	Arg1:T22	Arg2:T42
15943176	CPR:9	Arg1:T22	Arg2:T43
15943176	CPR:9	Arg1:T22	Arg2:T44
15943176	CPR:9	Arg1:T22	Arg2:T45
15943176	CPR:9	Arg1:T17	Arg2:T38
15943176	CPR:9	Arg1:T22	Arg2:T40
15943176	CPR:9	Arg1:T25	Arg2:T44
15943176	CPR:9	Arg1:T22	Arg2:T38
15943176	CPR:9	Arg1:T30	Arg2:T46
15946589	CPR:9	Arg1:T2	Arg2:T12
15946589	CPR:9	Arg1:T4	Arg2:T14
15946589	CPR:9	Arg1:T2	Arg2:T14
15946589	CPR:9	Arg1:T4	Arg2:T12
15946589	CPR:9	Arg1:T3	Arg2:T12
15946589	CPR:9	Arg1:T3	Arg2:T14
15946589	CPR:9	Arg1:T1	Arg2:T14
15946589	CPR:9	Arg1:T1	Arg2:T12
15972446	CPR:9	Arg1:T5	Arg2:T22
15972446	CPR:9	Arg1:T7	Arg2:T11
15972446	CPR:9	Arg1:T7	Arg2:T13
15972446	CPR:9	Arg1:T2	Arg2:T16
15972446	CPR:9	Arg1:T3	Arg2:T20
15972446	CPR:9	Arg1:T10	Arg2:T25
15972446	CPR:9	Arg1:T1	Arg2:T14
15972446	CPR:9	Arg1:T3	Arg2:T18
15972446	CPR:9	Arg1:T9	Arg2:T25
15975002	CPR:9	Arg1:T13	Arg2:T31
15975002	CPR:9	Arg1:T20	Arg2:T22
15975002	CPR:9	Arg1:T4	Arg2:T31
15975002	CPR:9	Arg1:T2	Arg2:T22
15975002	CPR:9	Arg1:T1	Arg2:T31
15985434	CPR:9	Arg1:T20	Arg2:T26
15985434	CPR:9	Arg1:T4	Arg2:T26
15985434	CPR:9	Arg1:T20	Arg2:T30
15985434	CPR:9	Arg1:T23	Arg2:T37
15985434	CPR:9	Arg1:T16	Arg2:T26
15985434	CPR:9	Arg1:T15	Arg2:T30
15985434	CPR:9	Arg1:T4	Arg2:T30
15985434	CPR:9	Arg1:T22	Arg2:T37
15985434	CPR:9	Arg1:T6	Arg2:T26
15985434	CPR:9	Arg1:T16	Arg2:T30
15985434	CPR:9	Arg1:T15	Arg2:T26
15985434	CPR:9	Arg1:T6	Arg2:T30
16010590	CPR:9	Arg1:T35	Arg2:T55
16010590	CPR:9	Arg1:T35	Arg2:T54
16010590	CPR:9	Arg1:T19	Arg2:T50
16010590	CPR:9	Arg1:T15	Arg2:T49
16010590	CPR:9	Arg1:T25	Arg2:T52
16010590	CPR:9	Arg1:T25	Arg2:T51
16010590	CPR:9	Arg1:T29	Arg2:T54
16010590	CPR:9	Arg1:T29	Arg2:T55
16010590	CPR:9	Arg1:T36	Arg2:T56
16010590	CPR:9	Arg1:T36	Arg2:T57
16220064	CPR:9	Arg1:T2	Arg2:T11
16220064	CPR:9	Arg1:T3	Arg2:T14
16223973	CPR:9	Arg1:T5	Arg2:T36
16223973	CPR:9	Arg1:T5	Arg2:T35
16223973	CPR:9	Arg1:T3	Arg2:T24
16223973	CPR:9	Arg1:T3	Arg2:T26
16223973	CPR:9	Arg1:T3	Arg2:T25
16223973	CPR:9	Arg1:T1	Arg2:T21
16223973	CPR:9	Arg1:T2	Arg2:T23
16223973	CPR:9	Arg1:T2	Arg2:T22
16223973	CPR:9	Arg1:T2	Arg2:T21
16230360	CPR:9	Arg1:T5	Arg2:T18
16230360	CPR:9	Arg1:T5	Arg2:T17
16230360	CPR:9	Arg1:T11	Arg2:T27
16230360	CPR:9	Arg1:T7	Arg2:T22
16230360	CPR:9	Arg1:T5	Arg2:T13
16230360	CPR:9	Arg1:T1	Arg2:T27
16230360	CPR:9	Arg1:T6	Arg2:T21
16230360	CPR:9	Arg1:T12	Arg2:T13
16230360	CPR:9	Arg1:T4	Arg2:T16
16230360	CPR:9	Arg1:T11	Arg2:T14
16230360	CPR:9	Arg1:T10	Arg2:T25
16230360	CPR:9	Arg1:T10	Arg2:T26
16230360	CPR:9	Arg1:T10	Arg2:T24
16230360	CPR:9	Arg1:T12	Arg2:T28
16230360	CPR:9	Arg1:T1	Arg2:T14
16230360	CPR:9	Arg1:T9	Arg2:T23
16239641	CPR:9	Arg1:T6	Arg2:T27
16239641	CPR:9	Arg1:T6	Arg2:T29
16239641	CPR:9	Arg1:T6	Arg2:T28
16239641	CPR:9	Arg1:T6	Arg2:T30
16244789	CPR:9	Arg1:T2	Arg2:T21
16244789	CPR:9	Arg1:T19	Arg2:T30
16244789	CPR:9	Arg1:T14	Arg2:T28
16244789	CPR:9	Arg1:T14	Arg2:T29
16244789	CPR:9	Arg1:T17	Arg2:T28
16244789	CPR:9	Arg1:T17	Arg2:T29
16244789	CPR:9	Arg1:T20	Arg2:T30
16244789	CPR:9	Arg1:T6	Arg2:T23
16244789	CPR:9	Arg1:T6	Arg2:T22
16244789	CPR:9	Arg1:T16	Arg2:T28
16244789	CPR:9	Arg1:T16	Arg2:T29
16244789	CPR:9	Arg1:T9	Arg2:T26
16297435	CPR:9	Arg1:T1	Arg2:T29
16297435	CPR:9	Arg1:T4	Arg2:T34
16313925	CPR:9	Arg1:T11	Arg2:T20
16313925	CPR:9	Arg1:T14	Arg2:T20
16313925	CPR:9	Arg1:T12	Arg2:T20
16313925	CPR:9	Arg1:T10	Arg2:T20
16313925	CPR:9	Arg1:T9	Arg2:T20
16319075	CPR:9	Arg1:T9	Arg2:T28
16319075	CPR:9	Arg1:T14	Arg2:T28
16319075	CPR:9	Arg1:T2	Arg2:T20
16319075	CPR:9	Arg1:T5	Arg2:T23
16319075	CPR:9	Arg1:T3	Arg2:T20
16319075	CPR:9	Arg1:T7	Arg2:T26
16319075	CPR:9	Arg1:T4	Arg2:T21
16319075	CPR:9	Arg1:T12	Arg2:T28
16368818	CPR:9	Arg1:T5	Arg2:T17
16368818	CPR:9	Arg1:T16	Arg2:T20
16368818	CPR:9	Arg1:T16	Arg2:T17
16370964	CPR:9	Arg1:T1	Arg2:T15
16424790	CPR:9	Arg1:T22	Arg2:T63
16424790	CPR:9	Arg1:T22	Arg2:T65
16424790	CPR:9	Arg1:T22	Arg2:T64
16424790	CPR:9	Arg1:T17	Arg2:T61
16424790	CPR:9	Arg1:T29	Arg2:T65
16424790	CPR:9	Arg1:T29	Arg2:T64
16424790	CPR:9	Arg1:T29	Arg2:T63
16424790	CPR:9	Arg1:T18	Arg2:T61
16424790	CPR:9	Arg1:T30	Arg2:T64
16424790	CPR:9	Arg1:T30	Arg2:T63
16424790	CPR:9	Arg1:T30	Arg2:T65
16424790	CPR:9	Arg1:T47	Arg2:T67
16424790	CPR:9	Arg1:T27	Arg2:T64
16424790	CPR:9	Arg1:T27	Arg2:T63
16424790	CPR:9	Arg1:T16	Arg2:T61
16424790	CPR:9	Arg1:T28	Arg2:T63
16424790	CPR:9	Arg1:T28	Arg2:T65
16424790	CPR:9	Arg1:T28	Arg2:T64
16424790	CPR:9	Arg1:T27	Arg2:T65
16424790	CPR:9	Arg1:T31	Arg2:T54
16424790	CPR:9	Arg1:T26	Arg2:T63
16424790	CPR:9	Arg1:T26	Arg2:T64
16424790	CPR:9	Arg1:T26	Arg2:T65
16426349	CPR:9	Arg1:T1	Arg2:T8
16426349	CPR:9	Arg1:T4	Arg2:T8
16426349	CPR:9	Arg1:T4	Arg2:T10
16426349	CPR:9	Arg1:T1	Arg2:T10
16428452	CPR:9	Arg1:T7	Arg2:T21
16428452	CPR:9	Arg1:T5	Arg2:T12
16428452	CPR:9	Arg1:T8	Arg2:T22
16428452	CPR:9	Arg1:T11	Arg2:T36
16428452	CPR:9	Arg1:T11	Arg2:T12
16428452	CPR:9	Arg1:T8	Arg2:T26
16428452	CPR:9	Arg1:T9	Arg2:T22
16428452	CPR:9	Arg1:T9	Arg2:T26
16472148	CPR:9	Arg1:T1	Arg2:T33
16472148	CPR:9	Arg1:T1	Arg2:T38
16474853	CPR:9	Arg1:T8	Arg2:T23
16474853	CPR:9	Arg1:T8	Arg2:T24
16495081	CPR:9	Arg1:T4	Arg2:T12
16495723	CPR:9	Arg1:T9	Arg2:T39
16495723	CPR:9	Arg1:T15	Arg2:T35
16495723	CPR:9	Arg1:T16	Arg2:T35
16495723	CPR:9	Arg1:T32	Arg2:T40
16495723	CPR:9	Arg1:T25	Arg2:T36
16530878	CPR:9	Arg1:T17	Arg2:T26
16530878	CPR:9	Arg1:T16	Arg2:T26
16530878	CPR:9	Arg1:T13	Arg2:T25
16533791	CPR:9	Arg1:T3	Arg2:T29
16533791	CPR:9	Arg1:T7	Arg2:T33
16533791	CPR:9	Arg1:T7	Arg2:T34
16533791	CPR:9	Arg1:T8	Arg2:T31
16533791	CPR:9	Arg1:T22	Arg2:T43
16533791	CPR:9	Arg1:T22	Arg2:T44
16533791	CPR:9	Arg1:T24	Arg2:T46
16533791	CPR:9	Arg1:T7	Arg2:T40
16533791	CPR:9	Arg1:T12	Arg2:T38
16533791	CPR:9	Arg1:T12	Arg2:T39
16533791	CPR:9	Arg1:T7	Arg2:T37
16533791	CPR:9	Arg1:T11	Arg2:T36
16533791	CPR:9	Arg1:T11	Arg2:T35
16533791	CPR:9	Arg1:T12	Arg2:T42
16543605	CPR:9	Arg1:T17	Arg2:T23
16543605	CPR:9	Arg1:T17	Arg2:T24
16547010	CPR:9	Arg1:T5	Arg2:T34
16547010	CPR:9	Arg1:T3	Arg2:T31
16547010	CPR:9	Arg1:T17	Arg2:T32
16547010	CPR:9	Arg1:T20	Arg2:T33
16547010	CPR:9	Arg1:T21	Arg2:T33
16547010	CPR:9	Arg1:T1	Arg2:T26
16547010	CPR:9	Arg1:T19	Arg2:T32
16547010	CPR:9	Arg1:T2	Arg2:T27
16547010	CPR:9	Arg1:T2	Arg2:T26
16547010	CPR:9	Arg1:T2	Arg2:T28
16547010	CPR:9	Arg1:T6	Arg2:T30
16547010	CPR:9	Arg1:T5	Arg2:T31
16547010	CPR:9	Arg1:T8	Arg2:T34
16547010	CPR:9	Arg1:T3	Arg2:T34
16569767	CPR:9	Arg1:T1	Arg2:T16
16569767	CPR:9	Arg1:T1	Arg2:T14
16569767	CPR:9	Arg1:T2	Arg2:T18
16574083	CPR:9	Arg1:T4	Arg2:T26
16574083	CPR:9	Arg1:T4	Arg2:T27
16574083	CPR:9	Arg1:T23	Arg2:T38
16574083	CPR:9	Arg1:T15	Arg2:T34
16574083	CPR:9	Arg1:T14	Arg2:T34
16574083	CPR:9	Arg1:T14	Arg2:T35
16574083	CPR:9	Arg1:T16	Arg2:T34
16595573	CPR:9	Arg1:T7	Arg2:T14
16597193	CPR:9	Arg1:T1	Arg2:T31
16597193	CPR:9	Arg1:T1	Arg2:T34
16597193	CPR:9	Arg1:T7	Arg2:T32
16597193	CPR:9	Arg1:T4	Arg2:T32
16679384	CPR:9	Arg1:T23	Arg2:T31
16679384	CPR:9	Arg1:T24	Arg2:T31
16702880	CPR:9	Arg1:T6	Arg2:T18
16702880	CPR:9	Arg1:T5	Arg2:T16
16702880	CPR:9	Arg1:T10	Arg2:T19
16717106	CPR:9	Arg1:T20	Arg2:T42
16735460	CPR:9	Arg1:T22	Arg2:T39
16777263	CPR:9	Arg1:T9	Arg2:T34
16777263	CPR:9	Arg1:T18	Arg2:T42
16781459	CPR:9	Arg1:T22	Arg2:T61
16781459	CPR:9	Arg1:T22	Arg2:T60
16781459	CPR:9	Arg1:T29	Arg2:T65
16781459	CPR:9	Arg1:T23	Arg2:T58
16781459	CPR:9	Arg1:T24	Arg2:T58
16781459	CPR:9	Arg1:T22	Arg2:T59
16781459	CPR:9	Arg1:T22	Arg2:T58
16781459	CPR:9	Arg1:T25	Arg2:T62
16781459	CPR:9	Arg1:T1	Arg2:T69
16781459	CPR:9	Arg1:T1	Arg2:T68
16781459	CPR:9	Arg1:T7	Arg2:T45
16781459	CPR:9	Arg1:T7	Arg2:T44
16781459	CPR:9	Arg1:T7	Arg2:T43
16781459	CPR:9	Arg1:T9	Arg2:T51
16781459	CPR:9	Arg1:T9	Arg2:T53
16781459	CPR:9	Arg1:T9	Arg2:T52
16781459	CPR:9	Arg1:T7	Arg2:T47
16781459	CPR:9	Arg1:T4	Arg2:T43
16781459	CPR:9	Arg1:T17	Arg2:T57
16781459	CPR:9	Arg1:T4	Arg2:T45
16781459	CPR:9	Arg1:T4	Arg2:T44
16781459	CPR:9	Arg1:T4	Arg2:T47
16781459	CPR:9	Arg1:T37	Arg2:T69
16781459	CPR:9	Arg1:T37	Arg2:T68
16781459	CPR:9	Arg1:T28	Arg2:T62
16781459	CPR:9	Arg1:T36	Arg2:T68
16781459	CPR:9	Arg1:T36	Arg2:T69
16781459	CPR:9	Arg1:T26	Arg2:T62
16790533	CPR:9	Arg1:T2	Arg2:T39
16790533	CPR:9	Arg1:T30	Arg2:T55
16790533	CPR:9	Arg1:T30	Arg2:T54
16790533	CPR:9	Arg1:T23	Arg2:T52
16790533	CPR:9	Arg1:T15	Arg2:T44
16790533	CPR:9	Arg1:T12	Arg2:T45
16790533	CPR:9	Arg1:T31	Arg2:T55
16790533	CPR:9	Arg1:T31	Arg2:T54
16790533	CPR:9	Arg1:T28	Arg2:T52
16809898	CPR:9	Arg1:T19	Arg2:T33
16855072	CPR:9	Arg1:T6	Arg2:T14
16855072	CPR:9	Arg1:T6	Arg2:T15
16855072	CPR:9	Arg1:T6	Arg2:T16
16855072	CPR:9	Arg1:T1	Arg2:T18
16855072	CPR:9	Arg1:T1	Arg2:T17
16857825	CPR:9	Arg1:T2	Arg2:T21
16857825	CPR:9	Arg1:T6	Arg2:T19
16857825	CPR:9	Arg1:T2	Arg2:T20
16857825	CPR:9	Arg1:T2	Arg2:T19
16857825	CPR:9	Arg1:T5	Arg2:T19
16857825	CPR:9	Arg1:T4	Arg2:T19
16857825	CPR:9	Arg1:T5	Arg2:T21
16857825	CPR:9	Arg1:T5	Arg2:T20
16857825	CPR:9	Arg1:T1	Arg2:T19
16857825	CPR:9	Arg1:T6	Arg2:T21
16857825	CPR:9	Arg1:T4	Arg2:T21
16857825	CPR:9	Arg1:T6	Arg2:T20
16857825	CPR:9	Arg1:T4	Arg2:T20
16857825	CPR:9	Arg1:T1	Arg2:T20
16857825	CPR:9	Arg1:T1	Arg2:T21
16860785	CPR:9	Arg1:T2	Arg2:T21
16860785	CPR:9	Arg1:T2	Arg2:T20
16860785	CPR:9	Arg1:T2	Arg2:T15
16860785	CPR:9	Arg1:T2	Arg2:T16
16860785	CPR:9	Arg1:T2	Arg2:T19
16860785	CPR:9	Arg1:T2	Arg2:T17
16860785	CPR:9	Arg1:T2	Arg2:T18
16864903	CPR:9	Arg1:T8	Arg2:T18
16864903	CPR:9	Arg1:T8	Arg2:T19
16864903	CPR:9	Arg1:T8	Arg2:T21
16864903	CPR:9	Arg1:T8	Arg2:T22
16885432	CPR:9	Arg1:T20	Arg2:T56
16885432	CPR:9	Arg1:T3	Arg2:T30
16885432	CPR:9	Arg1:T2	Arg2:T28
16885432	CPR:9	Arg1:T13	Arg2:T46
16885432	CPR:9	Arg1:T10	Arg2:T43
16885432	CPR:9	Arg1:T4	Arg2:T30
16885432	CPR:9	Arg1:T18	Arg2:T49
16885432	CPR:9	Arg1:T19	Arg2:T51
16885432	CPR:9	Arg1:T18	Arg2:T51
16885432	CPR:9	Arg1:T19	Arg2:T49
16901636	CPR:9	Arg1:T22	Arg2:T31
16901636	CPR:9	Arg1:T1	Arg2:T29
16901636	CPR:9	Arg1:T23	Arg2:T31
16901636	CPR:9	Arg1:T8	Arg2:T29
16921342	CPR:9	Arg1:T13	Arg2:T15
16921342	CPR:9	Arg1:T13	Arg2:T14
16921342	CPR:9	Arg1:T5	Arg2:T16
16921342	CPR:9	Arg1:T10	Arg2:T14
16921342	CPR:9	Arg1:T10	Arg2:T15
16921342	CPR:9	Arg1:T2	Arg2:T15
16921342	CPR:9	Arg1:T2	Arg2:T14
16921342	CPR:9	Arg1:T3	Arg2:T15
16921342	CPR:9	Arg1:T3	Arg2:T14
16921342	CPR:9	Arg1:T1	Arg2:T15
16921342	CPR:9	Arg1:T1	Arg2:T14
16979358	CPR:9	Arg1:T2	Arg2:T12
16979358	CPR:9	Arg1:T2	Arg2:T15
16982809	CPR:9	Arg1:T3	Arg2:T24
16982809	CPR:9	Arg1:T3	Arg2:T28
16982809	CPR:9	Arg1:T14	Arg2:T32
16997906	CPR:9	Arg1:T1	Arg2:T21
17010375	CPR:9	Arg1:T19	Arg2:T40
17010375	CPR:9	Arg1:T18	Arg2:T40
17015480	CPR:9	Arg1:T4	Arg2:T25
17015480	CPR:9	Arg1:T14	Arg2:T46
17015480	CPR:9	Arg1:T13	Arg2:T39
17015480	CPR:9	Arg1:T3	Arg2:T22
17015480	CPR:9	Arg1:T9	Arg2:T32
17015480	CPR:9	Arg1:T6	Arg2:T27
17015480	CPR:9	Arg1:T2	Arg2:T19
17015480	CPR:9	Arg1:T15	Arg2:T47
17015480	CPR:9	Arg1:T8	Arg2:T29
17015480	CPR:9	Arg1:T7	Arg2:T28
17015480	CPR:9	Arg1:T1	Arg2:T19
17015480	CPR:9	Arg1:T8	Arg2:T31
17015480	CPR:9	Arg1:T1	Arg2:T17
17020995	CPR:9	Arg1:T14	Arg2:T51
17020995	CPR:9	Arg1:T5	Arg2:T47
17020995	CPR:9	Arg1:T5	Arg2:T48
17020995	CPR:9	Arg1:T18	Arg2:T28
17020995	CPR:9	Arg1:T18	Arg2:T29
17020995	CPR:9	Arg1:T16	Arg2:T30
17020995	CPR:9	Arg1:T16	Arg2:T31
17020995	CPR:9	Arg1:T11	Arg2:T30
17020995	CPR:9	Arg1:T11	Arg2:T31
17020995	CPR:9	Arg1:T11	Arg2:T35
17020995	CPR:9	Arg1:T16	Arg2:T51
17020995	CPR:9	Arg1:T4	Arg2:T43
17020995	CPR:9	Arg1:T15	Arg2:T56
17020995	CPR:9	Arg1:T13	Arg2:T53
17020995	CPR:9	Arg1:T2	Arg2:T33
17020995	CPR:9	Arg1:T2	Arg2:T37
17020995	CPR:9	Arg1:T4	Arg2:T45
17020995	CPR:9	Arg1:T15	Arg2:T58
17020995	CPR:9	Arg1:T15	Arg2:T57
17020995	CPR:9	Arg1:T2	Arg2:T41
17020995	CPR:9	Arg1:T11	Arg2:T51
17020995	CPR:9	Arg1:T17	Arg2:T27
17020995	CPR:9	Arg1:T14	Arg2:T35
17020995	CPR:9	Arg1:T14	Arg2:T30
17020995	CPR:9	Arg1:T14	Arg2:T31
17069932	CPR:9	Arg1:T10	Arg2:T23
17069932	CPR:9	Arg1:T10	Arg2:T24
17089011	CPR:9	Arg1:T9	Arg2:T57
17089011	CPR:9	Arg1:T9	Arg2:T62
17089011	CPR:9	Arg1:T9	Arg2:T61
17114825	CPR:9	Arg1:T4	Arg2:T17
17139155	CPR:9	Arg1:T4	Arg2:T26
17139155	CPR:9	Arg1:T4	Arg2:T27
17139155	CPR:9	Arg1:T6	Arg2:T27
17139155	CPR:9	Arg1:T5	Arg2:T27
17139155	CPR:9	Arg1:T7	Arg2:T27
17155857	CPR:9	Arg1:T6	Arg2:T18
17155857	CPR:9	Arg1:T4	Arg2:T16
17155857	CPR:9	Arg1:T5	Arg2:T17
17155857	CPR:9	Arg1:T1	Arg2:T12
17155953	CPR:9	Arg1:T6	Arg2:T27
17155953	CPR:9	Arg1:T17	Arg2:T41
17155953	CPR:9	Arg1:T17	Arg2:T42
17155953	CPR:9	Arg1:T4	Arg2:T26
17155953	CPR:9	Arg1:T13	Arg2:T39
17155953	CPR:9	Arg1:T13	Arg2:T38
17155953	CPR:9	Arg1:T12	Arg2:T35
17155953	CPR:9	Arg1:T1	Arg2:T23
17155953	CPR:9	Arg1:T1	Arg2:T22
17155953	CPR:9	Arg1:T1	Arg2:T21
17155953	CPR:9	Arg1:T11	Arg2:T31
17158446	CPR:9	Arg1:T7	Arg2:T37
17185414	CPR:9	Arg1:T4	Arg2:T15
17185414	CPR:9	Arg1:T4	Arg2:T16
17185414	CPR:9	Arg1:T2	Arg2:T10
17185414	CPR:9	Arg1:T4	Arg2:T13
17185414	CPR:9	Arg1:T4	Arg2:T14
17185414	CPR:9	Arg1:T4	Arg2:T12
17185414	CPR:9	Arg1:T5	Arg2:T19
17185414	CPR:9	Arg1:T5	Arg2:T18
17185414	CPR:9	Arg1:T2	Arg2:T9
17185414	CPR:9	Arg1:T1	Arg2:T7
17185414	CPR:9	Arg1:T2	Arg2:T7
17185414	CPR:9	Arg1:T2	Arg2:T6
17185414	CPR:9	Arg1:T3	Arg2:T12
17185414	CPR:9	Arg1:T1	Arg2:T6
17190903	CPR:9	Arg1:T6	Arg2:T27
17190903	CPR:9	Arg1:T6	Arg2:T26
17190903	CPR:9	Arg1:T16	Arg2:T34
17190903	CPR:9	Arg1:T16	Arg2:T33
17190903	CPR:9	Arg1:T12	Arg2:T27
17190903	CPR:9	Arg1:T12	Arg2:T26
17190903	CPR:9	Arg1:T16	Arg2:T36
17190903	CPR:9	Arg1:T4	Arg2:T28
17190903	CPR:9	Arg1:T4	Arg2:T29
17190903	CPR:9	Arg1:T17	Arg2:T36
17190903	CPR:9	Arg1:T17	Arg2:T33
17190903	CPR:9	Arg1:T17	Arg2:T34
17190903	CPR:9	Arg1:T5	Arg2:T24
17190903	CPR:9	Arg1:T5	Arg2:T26
17190903	CPR:9	Arg1:T5	Arg2:T25
17192486	CPR:9	Arg1:T2	Arg2:T18
17194716	CPR:9	Arg1:T2	Arg2:T6
17194761	CPR:9	Arg1:T7	Arg2:T12
17194761	CPR:9	Arg1:T4	Arg2:T12
17194761	CPR:9	Arg1:T8	Arg2:T12
17203264	CPR:9	Arg1:T2	Arg2:T22
17203264	CPR:9	Arg1:T11	Arg2:T24
17203264	CPR:9	Arg1:T3	Arg2:T22
17203264	CPR:9	Arg1:T10	Arg2:T24
17203264	CPR:9	Arg1:T8	Arg2:T24
17203264	CPR:9	Arg1:T12	Arg2:T24
17203264	CPR:9	Arg1:T15	Arg2:T22
17203264	CPR:9	Arg1:T9	Arg2:T24
17207582	CPR:9	Arg1:T5	Arg2:T37
17207582	CPR:9	Arg1:T24	Arg2:T29
17207582	CPR:9	Arg1:T24	Arg2:T28
17207582	CPR:9	Arg1:T6	Arg2:T37
17207582	CPR:9	Arg1:T8	Arg2:T45
17207582	CPR:9	Arg1:T8	Arg2:T47
17207582	CPR:9	Arg1:T8	Arg2:T42
17207582	CPR:9	Arg1:T1	Arg2:T31
17207582	CPR:9	Arg1:T1	Arg2:T33
17207582	CPR:9	Arg1:T1	Arg2:T35
17207582	CPR:9	Arg1:T7	Arg2:T44
17207582	CPR:9	Arg1:T8	Arg2:T48
17207582	CPR:9	Arg1:T9	Arg2:T42
17223709	CPR:9	Arg1:T12	Arg2:T41
17223709	CPR:9	Arg1:T12	Arg2:T40
17229632	CPR:9	Arg1:T7	Arg2:T24
17229632	CPR:9	Arg1:T16	Arg2:T44
17229632	CPR:9	Arg1:T16	Arg2:T45
17229632	CPR:9	Arg1:T2	Arg2:T20
17229632	CPR:9	Arg1:T2	Arg2:T19
17229632	CPR:9	Arg1:T2	Arg2:T17
17229632	CPR:9	Arg1:T2	Arg2:T18
17229632	CPR:9	Arg1:T7	Arg2:T25
17229632	CPR:9	Arg1:T12	Arg2:T34
17229632	CPR:9	Arg1:T12	Arg2:T36
17229632	CPR:9	Arg1:T14	Arg2:T38
17229632	CPR:9	Arg1:T14	Arg2:T39
17229632	CPR:9	Arg1:T14	Arg2:T37
17234900	CPR:9	Arg1:T4	Arg2:T30
17258485	CPR:9	Arg1:T1	Arg2:T30
17258485	CPR:9	Arg1:T26	Arg2:T30
17258485	CPR:9	Arg1:T27	Arg2:T30
17258485	CPR:9	Arg1:T27	Arg2:T29
17258485	CPR:9	Arg1:T26	Arg2:T29
17258485	CPR:9	Arg1:T25	Arg2:T30
17258485	CPR:9	Arg1:T1	Arg2:T29
17258485	CPR:9	Arg1:T25	Arg2:T29
17259370	CPR:9	Arg1:T4	Arg2:T24
17259370	CPR:9	Arg1:T9	Arg2:T29
17259370	CPR:9	Arg1:T4	Arg2:T25
17259370	CPR:9	Arg1:T17	Arg2:T35
17259370	CPR:9	Arg1:T17	Arg2:T34
17259370	CPR:9	Arg1:T20	Arg2:T35
17259370	CPR:9	Arg1:T20	Arg2:T34
17259370	CPR:9	Arg1:T18	Arg2:T35
17259370	CPR:9	Arg1:T18	Arg2:T34
17259370	CPR:9	Arg1:T3	Arg2:T24
17259370	CPR:9	Arg1:T10	Arg2:T30
17259370	CPR:9	Arg1:T12	Arg2:T33
17259370	CPR:9	Arg1:T3	Arg2:T26
17259370	CPR:9	Arg1:T3	Arg2:T25
17259370	CPR:9	Arg1:T9	Arg2:T30
17259370	CPR:9	Arg1:T21	Arg2:T35
17259370	CPR:9	Arg1:T21	Arg2:T34
17259370	CPR:9	Arg1:T2	Arg2:T23
17259370	CPR:9	Arg1:T1	Arg2:T34
17259370	CPR:9	Arg1:T1	Arg2:T35
17259370	CPR:9	Arg1:T14	Arg2:T33
17272980	CPR:9	Arg1:T6	Arg2:T7
17272980	CPR:9	Arg1:T6	Arg2:T9
17272980	CPR:9	Arg1:T6	Arg2:T8
17272980	CPR:9	Arg1:T6	Arg2:T21
17272980	CPR:9	Arg1:T6	Arg2:T20
17272980	CPR:9	Arg1:T3	Arg2:T20
17272980	CPR:9	Arg1:T3	Arg2:T15
17272980	CPR:9	Arg1:T3	Arg2:T14
17272980	CPR:9	Arg1:T3	Arg2:T17
17272980	CPR:9	Arg1:T3	Arg2:T19
17272980	CPR:9	Arg1:T3	Arg2:T18
17292397	CPR:9	Arg1:T1	Arg2:T19
17321471	CPR:9	Arg1:T9	Arg2:T34
17321471	CPR:9	Arg1:T13	Arg2:T40
17321471	CPR:9	Arg1:T16	Arg2:T38
17321471	CPR:9	Arg1:T16	Arg2:T39
17321471	CPR:9	Arg1:T11	Arg2:T36
17321471	CPR:9	Arg1:T20	Arg2:T44
17321471	CPR:9	Arg1:T11	Arg2:T35
17337452	CPR:9	Arg1:T1	Arg2:T44
17337452	CPR:9	Arg1:T4	Arg2:T44
17337452	CPR:9	Arg1:T8	Arg2:T44
17337452	CPR:9	Arg1:T5	Arg2:T44
17337452	CPR:9	Arg1:T18	Arg2:T23
17337452	CPR:9	Arg1:T19	Arg2:T23
17337452	CPR:9	Arg1:T16	Arg2:T23
17353509	CPR:9	Arg1:T4	Arg2:T15
17353509	CPR:9	Arg1:T3	Arg2:T15
17353509	CPR:9	Arg1:T3	Arg2:T16
17360958	CPR:9	Arg1:T3	Arg2:T27
17360958	CPR:9	Arg1:T3	Arg2:T26
17360958	CPR:9	Arg1:T2	Arg2:T27
17360958	CPR:9	Arg1:T2	Arg2:T26
17427197	CPR:9	Arg1:T12	Arg2:T50
17427197	CPR:9	Arg1:T12	Arg2:T51
17427197	CPR:9	Arg1:T10	Arg2:T48
17427197	CPR:9	Arg1:T4	Arg2:T32
17427197	CPR:9	Arg1:T7	Arg2:T47
17427197	CPR:9	Arg1:T7	Arg2:T48
17427197	CPR:9	Arg1:T15	Arg2:T23
17427197	CPR:9	Arg1:T13	Arg2:T51
17427197	CPR:9	Arg1:T13	Arg2:T50
17427197	CPR:9	Arg1:T15	Arg2:T51
17427197	CPR:9	Arg1:T6	Arg2:T37
17427197	CPR:9	Arg1:T3	Arg2:T28
17427197	CPR:9	Arg1:T2	Arg2:T23
17427197	CPR:9	Arg1:T10	Arg2:T50
17427197	CPR:9	Arg1:T1	Arg2:T23
17427197	CPR:9	Arg1:T6	Arg2:T53
17459764	CPR:9	Arg1:T10	Arg2:T31
17459764	CPR:9	Arg1:T10	Arg2:T32
17459764	CPR:9	Arg1:T9	Arg2:T31
17459764	CPR:9	Arg1:T9	Arg2:T32
17459764	CPR:9	Arg1:T21	Arg2:T37
17459764	CPR:9	Arg1:T7	Arg2:T31
17459764	CPR:9	Arg1:T7	Arg2:T32
17459764	CPR:9	Arg1:T8	Arg2:T32
17459764	CPR:9	Arg1:T8	Arg2:T31
17459764	CPR:9	Arg1:T6	Arg2:T31
17459764	CPR:9	Arg1:T6	Arg2:T32
17459764	CPR:9	Arg1:T13	Arg2:T32
17459764	CPR:9	Arg1:T13	Arg2:T31
17459764	CPR:9	Arg1:T22	Arg2:T40
17459764	CPR:9	Arg1:T12	Arg2:T32
17459764	CPR:9	Arg1:T4	Arg2:T30
17459764	CPR:9	Arg1:T15	Arg2:T34
17459764	CPR:9	Arg1:T12	Arg2:T31
17459764	CPR:9	Arg1:T22	Arg2:T37
17459764	CPR:9	Arg1:T14	Arg2:T34
17459764	CPR:9	Arg1:T11	Arg2:T32
17459764	CPR:9	Arg1:T11	Arg2:T31
17459764	CPR:9	Arg1:T21	Arg2:T40
17463174	CPR:9	Arg1:T1	Arg2:T7
17463174	CPR:9	Arg1:T1	Arg2:T11
17498959	CPR:9	Arg1:T1	Arg2:T7
17498959	CPR:9	Arg1:T5	Arg2:T20
17498959	CPR:9	Arg1:T6	Arg2:T27
17498959	CPR:9	Arg1:T6	Arg2:T28
17498959	CPR:9	Arg1:T3	Arg2:T12
17504182	CPR:9	Arg1:T2	Arg2:T14
17521299	CPR:9	Arg1:T19	Arg2:T29
17559139	CPR:9	Arg1:T1	Arg2:T14
17559139	CPR:9	Arg1:T1	Arg2:T10
17565998	CPR:9	Arg1:T3	Arg2:T22
17565998	CPR:9	Arg1:T13	Arg2:T25
17565998	CPR:9	Arg1:T20	Arg2:T22
17565998	CPR:9	Arg1:T18	Arg2:T22
17575107	CPR:9	Arg1:T1	Arg2:T15
17575107	CPR:9	Arg1:T1	Arg2:T14
17575107	CPR:9	Arg1:T1	Arg2:T13
17588330	CPR:9	Arg1:T4	Arg2:T29
17588330	CPR:9	Arg1:T12	Arg2:T35
17588330	CPR:9	Arg1:T12	Arg2:T36
17588330	CPR:9	Arg1:T12	Arg2:T38
17588330	CPR:9	Arg1:T20	Arg2:T42
17603759	CPR:9	Arg1:T24	Arg2:T35
17603759	CPR:9	Arg1:T24	Arg2:T36
17619763	CPR:9	Arg1:T2	Arg2:T12
17619763	CPR:9	Arg1:T3	Arg2:T12
17620346	CPR:9	Arg1:T19	Arg2:T37
17620346	CPR:9	Arg1:T2	Arg2:T28
17620346	CPR:9	Arg1:T11	Arg2:T35
17620346	CPR:9	Arg1:T8	Arg2:T30
17620346	CPR:9	Arg1:T19	Arg2:T27
17653133	CPR:9	Arg1:T5	Arg2:T21
17664250	CPR:9	Arg1:T11	Arg2:T22
17664250	CPR:9	Arg1:T3	Arg2:T30
17664250	CPR:9	Arg1:T20	Arg2:T35
17664250	CPR:9	Arg1:T7	Arg2:T22
17664250	CPR:9	Arg1:T17	Arg2:T30
17664250	CPR:9	Arg1:T10	Arg2:T30
17664250	CPR:9	Arg1:T3	Arg2:T22
17664250	CPR:9	Arg1:T8	Arg2:T22
17664250	CPR:9	Arg1:T6	Arg2:T22
17664250	CPR:9	Arg1:T20	Arg2:T22
17664250	CPR:9	Arg1:T11	Arg2:T30
17664250	CPR:9	Arg1:T17	Arg2:T22
17664250	CPR:9	Arg1:T18	Arg2:T23
17664250	CPR:9	Arg1:T6	Arg2:T30
17664250	CPR:9	Arg1:T10	Arg2:T22
17664250	CPR:9	Arg1:T8	Arg2:T30
17868033	CPR:9	Arg1:T7	Arg2:T18
17868033	CPR:9	Arg1:T9	Arg2:T18
17868033	CPR:9	Arg1:T11	Arg2:T18
17868033	CPR:9	Arg1:T6	Arg2:T18
17868033	CPR:9	Arg1:T5	Arg2:T18
17868033	CPR:9	Arg1:T8	Arg2:T18
17868033	CPR:9	Arg1:T10	Arg2:T18
17868033	CPR:9	Arg1:T1	Arg2:T17
17868033	CPR:9	Arg1:T1	Arg2:T16
17868033	CPR:9	Arg1:T1	Arg2:T15
17868033	CPR:9	Arg1:T1	Arg2:T14
17868033	CPR:9	Arg1:T1	Arg2:T13
17868033	CPR:9	Arg1:T1	Arg2:T12
17929114	CPR:9	Arg1:T13	Arg2:T41
17929114	CPR:9	Arg1:T13	Arg2:T43
17929114	CPR:9	Arg1:T24	Arg2:T52
17929114	CPR:9	Arg1:T32	Arg2:T36
17929114	CPR:9	Arg1:T32	Arg2:T35
17929114	CPR:9	Arg1:T26	Arg2:T55
17929114	CPR:9	Arg1:T25	Arg2:T52
17932689	CPR:9	Arg1:T15	Arg2:T27
17932689	CPR:9	Arg1:T15	Arg2:T29
17943726	CPR:9	Arg1:T5	Arg2:T19
17943726	CPR:9	Arg1:T5	Arg2:T18
17943726	CPR:9	Arg1:T5	Arg2:T21
17943726	CPR:9	Arg1:T5	Arg2:T22
17943726	CPR:9	Arg1:T5	Arg2:T20
17943726	CPR:9	Arg1:T4	Arg2:T18
17943726	CPR:9	Arg1:T2	Arg2:T15
17943726	CPR:9	Arg1:T2	Arg2:T13
17943726	CPR:9	Arg1:T2	Arg2:T14
17943726	CPR:9	Arg1:T5	Arg2:T24
17943726	CPR:9	Arg1:T4	Arg2:T19
17943726	CPR:9	Arg1:T3	Arg2:T13
17943726	CPR:9	Arg1:T3	Arg2:T15
17943726	CPR:9	Arg1:T3	Arg2:T14
17943726	CPR:9	Arg1:T3	Arg2:T17
18046910	CPR:9	Arg1:T4	Arg2:T14
18046910	CPR:9	Arg1:T1	Arg2:T14
18046910	CPR:9	Arg1:T5	Arg2:T16
18046910	CPR:9	Arg1:T5	Arg2:T14
18055877	CPR:9	Arg1:T13	Arg2:T17
18055877	CPR:9	Arg1:T13	Arg2:T18
18055877	CPR:9	Arg1:T13	Arg2:T15
18055877	CPR:9	Arg1:T13	Arg2:T16
18055877	CPR:9	Arg1:T2	Arg2:T33
18055877	CPR:9	Arg1:T13	Arg2:T19
18055877	CPR:9	Arg1:T1	Arg2:T34
18055877	CPR:9	Arg1:T1	Arg2:T35
18055877	CPR:9	Arg1:T1	Arg2:T36
18055877	CPR:9	Arg1:T13	Arg2:T32
18055877	CPR:9	Arg1:T13	Arg2:T30
18055877	CPR:9	Arg1:T13	Arg2:T33
18055877	CPR:9	Arg1:T14	Arg2:T36
18055877	CPR:9	Arg1:T14	Arg2:T34
18055877	CPR:9	Arg1:T14	Arg2:T35
18237195	CPR:9	Arg1:T2	Arg2:T22
18237195	CPR:9	Arg1:T18	Arg2:T38
18237195	CPR:9	Arg1:T11	Arg2:T28
18237195	CPR:9	Arg1:T11	Arg2:T30
18237195	CPR:9	Arg1:T11	Arg2:T32
18237195	CPR:9	Arg1:T11	Arg2:T31
18237195	CPR:9	Arg1:T11	Arg2:T33
18290715	CPR:9	Arg1:T27	Arg2:T29
18290715	CPR:9	Arg1:T27	Arg2:T60
18290715	CPR:9	Arg1:T8	Arg2:T31
18290715	CPR:9	Arg1:T6	Arg2:T31
18290715	CPR:9	Arg1:T27	Arg2:T59
18290715	CPR:9	Arg1:T26	Arg2:T59
18290715	CPR:9	Arg1:T1	Arg2:T29
18290715	CPR:9	Arg1:T4	Arg2:T31
18290715	CPR:9	Arg1:T1	Arg2:T59
18290715	CPR:9	Arg1:T26	Arg2:T29
18290715	CPR:9	Arg1:T1	Arg2:T60
18290715	CPR:9	Arg1:T26	Arg2:T60
18393142	CPR:9	Arg1:T5	Arg2:T7
18393142	CPR:9	Arg1:T2	Arg2:T7
18393142	CPR:9	Arg1:T3	Arg2:T7
18393142	CPR:9	Arg1:T6	Arg2:T7
18393142	CPR:9	Arg1:T4	Arg2:T7
18423812	CPR:9	Arg1:T6	Arg2:T19
18423812	CPR:9	Arg1:T2	Arg2:T21
18423812	CPR:9	Arg1:T4	Arg2:T16
18423812	CPR:9	Arg1:T2	Arg2:T15
18423812	CPR:9	Arg1:T2	Arg2:T17
18423812	CPR:9	Arg1:T10	Arg2:T23
18423812	CPR:9	Arg1:T10	Arg2:T24
18423812	CPR:9	Arg1:T6	Arg2:T20
18568240	CPR:9	Arg1:T5	Arg2:T22
18568240	CPR:9	Arg1:T7	Arg2:T26
18684057	CPR:9	Arg1:T1	Arg2:T5
18700056	CPR:9	Arg1:T3	Arg2:T31
18700056	CPR:9	Arg1:T5	Arg2:T31
18794803	CPR:9	Arg1:T3	Arg2:T30
18794803	CPR:9	Arg1:T1	Arg2:T6
18794803	CPR:9	Arg1:T2	Arg2:T16
18794803	CPR:9	Arg1:T3	Arg2:T33
18794803	CPR:9	Arg1:T3	Arg2:T32
18794803	CPR:9	Arg1:T3	Arg2:T35
18794803	CPR:9	Arg1:T3	Arg2:T34
18798063	CPR:9	Arg1:T1	Arg2:T9
18798063	CPR:9	Arg1:T4	Arg2:T9
18798063	CPR:9	Arg1:T7	Arg2:T9
18798063	CPR:9	Arg1:T6	Arg2:T9
18825528	CPR:9	Arg1:T1	Arg2:T18
19057127	CPR:9	Arg1:T4	Arg2:T18
19057127	CPR:9	Arg1:T2	Arg2:T15
19057127	CPR:9	Arg1:T2	Arg2:T14
19057127	CPR:9	Arg1:T10	Arg2:T27
19057127	CPR:9	Arg1:T10	Arg2:T25
19057127	CPR:9	Arg1:T10	Arg2:T26
19057127	CPR:9	Arg1:T9	Arg2:T13
19057127	CPR:9	Arg1:T9	Arg2:T12
19057127	CPR:9	Arg1:T1	Arg2:T13
19057127	CPR:9	Arg1:T1	Arg2:T12
19057127	CPR:9	Arg1:T9	Arg2:T24
19057127	CPR:9	Arg1:T9	Arg2:T23
19066855	CPR:9	Arg1:T16	Arg2:T20
19066855	CPR:9	Arg1:T8	Arg2:T18
19066855	CPR:9	Arg1:T8	Arg2:T19
19091347	CPR:9	Arg1:T3	Arg2:T8
19213873	CPR:9	Arg1:T2	Arg2:T12
19445548	CPR:9	Arg1:T19	Arg2:T63
19445548	CPR:9	Arg1:T19	Arg2:T62
19470293	CPR:9	Arg1:T3	Arg2:T24
19470293	CPR:9	Arg1:T10	Arg2:T34
19470293	CPR:9	Arg1:T3	Arg2:T26
19470293	CPR:9	Arg1:T3	Arg2:T25
19470293	CPR:9	Arg1:T5	Arg2:T28
19470293	CPR:9	Arg1:T5	Arg2:T27
19470293	CPR:9	Arg1:T5	Arg2:T29
19470293	CPR:9	Arg1:T5	Arg2:T24
19470293	CPR:9	Arg1:T5	Arg2:T26
19470293	CPR:9	Arg1:T5	Arg2:T25
19470293	CPR:9	Arg1:T5	Arg2:T30
19470293	CPR:9	Arg1:T1	Arg2:T18
19480470	CPR:9	Arg1:T15	Arg2:T61
19480470	CPR:9	Arg1:T15	Arg2:T60
19480470	CPR:9	Arg1:T15	Arg2:T62
19480470	CPR:9	Arg1:T18	Arg2:T63
19480470	CPR:9	Arg1:T18	Arg2:T64
19519385	CPR:9	Arg1:T20	Arg2:T27
19645854	CPR:9	Arg1:T2	Arg2:T21
19645854	CPR:9	Arg1:T1	Arg2:T21
19920913	CPR:9	Arg1:T3	Arg2:T13
19928382	CPR:9	Arg1:T22	Arg2:T33
19928382	CPR:9	Arg1:T14	Arg2:T28
19928382	CPR:9	Arg1:T17	Arg2:T30
19928382	CPR:9	Arg1:T1	Arg2:T26
19928382	CPR:9	Arg1:T16	Arg2:T29
19928382	CPR:9	Arg1:T19	Arg2:T32
20089905	CPR:9	Arg1:T10	Arg2:T30
20097266	CPR:9	Arg1:T4	Arg2:T13
20184869	CPR:9	Arg1:T6	Arg2:T18
20184869	CPR:9	Arg1:T6	Arg2:T19
20184869	CPR:9	Arg1:T4	Arg2:T16
20184869	CPR:9	Arg1:T2	Arg2:T15
20184869	CPR:9	Arg1:T2	Arg2:T14
20184869	CPR:9	Arg1:T5	Arg2:T17
20184869	CPR:9	Arg1:T8	Arg2:T10
20184869	CPR:9	Arg1:T3	Arg2:T15
20184869	CPR:9	Arg1:T3	Arg2:T14
20184869	CPR:9	Arg1:T7	Arg2:T18
20184869	CPR:9	Arg1:T7	Arg2:T19
20184869	CPR:9	Arg1:T9	Arg2:T21
20188727	CPR:9	Arg1:T23	Arg2:T48
20196537	CPR:9	Arg1:T7	Arg2:T23
20196537	CPR:9	Arg1:T7	Arg2:T22
20196537	CPR:9	Arg1:T8	Arg2:T26
20196537	CPR:9	Arg1:T10	Arg2:T25
20196537	CPR:9	Arg1:T7	Arg2:T25
20196537	CPR:9	Arg1:T10	Arg2:T26
20196537	CPR:9	Arg1:T7	Arg2:T26
20196537	CPR:9	Arg1:T10	Arg2:T23
20196537	CPR:9	Arg1:T8	Arg2:T23
20196537	CPR:9	Arg1:T10	Arg2:T22
20196537	CPR:9	Arg1:T8	Arg2:T22
20196537	CPR:9	Arg1:T8	Arg2:T25
20196537	CPR:9	Arg1:T9	Arg2:T22
20196537	CPR:9	Arg1:T9	Arg2:T26
20196537	CPR:9	Arg1:T9	Arg2:T25
20196537	CPR:9	Arg1:T9	Arg2:T23
20222714	CPR:9	Arg1:T3	Arg2:T4
20222714	CPR:9	Arg1:T2	Arg2:T4
20222714	CPR:9	Arg1:T1	Arg2:T4
20223979	CPR:9	Arg1:T4	Arg2:T18
20223979	CPR:9	Arg1:T4	Arg2:T11
20223979	CPR:9	Arg1:T4	Arg2:T19
20512624	CPR:9	Arg1:T24	Arg2:T40
20512624	CPR:9	Arg1:T24	Arg2:T41
20512624	CPR:9	Arg1:T24	Arg2:T42
20512624	CPR:9	Arg1:T15	Arg2:T35
20512624	CPR:9	Arg1:T15	Arg2:T34
20512624	CPR:9	Arg1:T24	Arg2:T39
20600573	CPR:9	Arg1:T4	Arg2:T18
20600573	CPR:9	Arg1:T1	Arg2:T18
20600573	CPR:9	Arg1:T3	Arg2:T18
20605094	CPR:9	Arg1:T4	Arg2:T13
20605094	CPR:9	Arg1:T4	Arg2:T11
20605094	CPR:9	Arg1:T4	Arg2:T12
20724158	CPR:9	Arg1:T6	Arg2:T14
20724158	CPR:9	Arg1:T4	Arg2:T14
20724158	CPR:9	Arg1:T5	Arg2:T14
20812347	CPR:9	Arg1:T7	Arg2:T24
20812347	CPR:9	Arg1:T7	Arg2:T23
20812347	CPR:9	Arg1:T7	Arg2:T22
21486038	CPR:9	Arg1:T2	Arg2:T9
21486038	CPR:9	Arg1:T2	Arg2:T7
21486038	CPR:9	Arg1:T2	Arg2:T6
21955206	CPR:9	Arg1:T7	Arg2:T28
21955206	CPR:9	Arg1:T8	Arg2:T30
22391562	CPR:9	Arg1:T2	Arg2:T6
22391562	CPR:9	Arg1:T1	Arg2:T6
22406476	CPR:9	Arg1:T2	Arg2:T31
22406476	CPR:9	Arg1:T26	Arg2:T31
22406476	CPR:9	Arg1:T18	Arg2:T52
22406476	CPR:9	Arg1:T2	Arg2:T65
22406476	CPR:9	Arg1:T13	Arg2:T46
22406476	CPR:9	Arg1:T28	Arg2:T66
22406476	CPR:9	Arg1:T21	Arg2:T53
22406476	CPR:9	Arg1:T23	Arg2:T61
22406476	CPR:9	Arg1:T9	Arg2:T42
22406476	CPR:9	Arg1:T26	Arg2:T65
22422627	CPR:9	Arg1:T2	Arg2:T8
22422627	CPR:9	Arg1:T5	Arg2:T22
22422627	CPR:9	Arg1:T1	Arg2:T8
22422627	CPR:9	Arg1:T2	Arg2:T13
22422627	CPR:9	Arg1:T7	Arg2:T28
22424117	CPR:9	Arg1:T9	Arg2:T16
22424117	CPR:9	Arg1:T11	Arg2:T17
22438091	CPR:9	Arg1:T8	Arg2:T22
22443683	CPR:9	Arg1:T2	Arg2:T6
22443683	CPR:9	Arg1:T2	Arg2:T10
22634360	CPR:9	Arg1:T10	Arg2:T20
22659090	CPR:9	Arg1:T2	Arg2:T12
22659090	CPR:9	Arg1:T2	Arg2:T13
22659090	CPR:9	Arg1:T2	Arg2:T14
22659090	CPR:9	Arg1:T3	Arg2:T12
22659090	CPR:9	Arg1:T1	Arg2:T14
22659090	CPR:9	Arg1:T1	Arg2:T13
22659090	CPR:9	Arg1:T1	Arg2:T12
22750078	CPR:9	Arg1:T11	Arg2:T26
22750078	CPR:9	Arg1:T12	Arg2:T29
22750078	CPR:9	Arg1:T13	Arg2:T27
22750078	CPR:9	Arg1:T13	Arg2:T29
22750078	CPR:9	Arg1:T13	Arg2:T28
22750078	CPR:9	Arg1:T10	Arg2:T26
22750078	CPR:9	Arg1:T12	Arg2:T28
22750078	CPR:9	Arg1:T12	Arg2:T27
22750078	CPR:9	Arg1:T12	Arg2:T26
22818713	CPR:9	Arg1:T2	Arg2:T21
22818713	CPR:9	Arg1:T2	Arg2:T20
22818713	CPR:9	Arg1:T5	Arg2:T23
22867529	CPR:9	Arg1:T9	Arg2:T29
22867529	CPR:9	Arg1:T13	Arg2:T30
22867529	CPR:9	Arg1:T12	Arg2:T32
22867529	CPR:9	Arg1:T10	Arg2:T30
22867529	CPR:9	Arg1:T11	Arg2:T29
22867529	CPR:9	Arg1:T9	Arg2:T30
22867529	CPR:9	Arg1:T11	Arg2:T30
22867529	CPR:9	Arg1:T6	Arg2:T27
22867529	CPR:9	Arg1:T10	Arg2:T29
22867529	CPR:9	Arg1:T13	Arg2:T29
22867529	CPR:9	Arg1:T6	Arg2:T28
22867529	CPR:9	Arg1:T16	Arg2:T32
22898212	CPR:9	Arg1:T11	Arg2:T32
22898212	CPR:9	Arg1:T6	Arg2:T30
22898212	CPR:9	Arg1:T10	Arg2:T32
22898212	CPR:9	Arg1:T6	Arg2:T31
22898212	CPR:9	Arg1:T16	Arg2:T33
22931533	CPR:9	Arg1:T2	Arg2:T9
22944069	CPR:9	Arg1:T2	Arg2:T9
22944069	CPR:9	Arg1:T7	Arg2:T17
22944069	CPR:9	Arg1:T1	Arg2:T19
22944069	CPR:9	Arg1:T1	Arg2:T18
22944069	CPR:9	Arg1:T7	Arg2:T18
22944069	CPR:9	Arg1:T1	Arg2:T17
22944069	CPR:9	Arg1:T7	Arg2:T19
22960624	CPR:9	Arg1:T1	Arg2:T49
22960624	CPR:9	Arg1:T1	Arg2:T51
22960624	CPR:9	Arg1:T1	Arg2:T52
22961094	CPR:9	Arg1:T9	Arg2:T29
22961094	CPR:9	Arg1:T14	Arg2:T41
22961094	CPR:9	Arg1:T14	Arg2:T40
22961094	CPR:9	Arg1:T10	Arg2:T34
22961094	CPR:9	Arg1:T10	Arg2:T35
22961094	CPR:9	Arg1:T12	Arg2:T37
22961094	CPR:9	Arg1:T12	Arg2:T39
22961094	CPR:9	Arg1:T2	Arg2:T40
22961094	CPR:9	Arg1:T2	Arg2:T41
22961094	CPR:9	Arg1:T4	Arg2:T17
22961094	CPR:9	Arg1:T2	Arg2:T21
22961094	CPR:9	Arg1:T4	Arg2:T16
22961094	CPR:9	Arg1:T2	Arg2:T20
22961094	CPR:9	Arg1:T2	Arg2:T16
22961094	CPR:9	Arg1:T13	Arg2:T25
22961094	CPR:9	Arg1:T2	Arg2:T17
22961094	CPR:9	Arg1:T8	Arg2:T28
22961094	CPR:9	Arg1:T5	Arg2:T24
22961094	CPR:9	Arg1:T11	Arg2:T36
22961094	CPR:9	Arg1:T13	Arg2:T27
22961094	CPR:9	Arg1:T5	Arg2:T23
22961094	CPR:9	Arg1:T8	Arg2:T26
22961094	CPR:9	Arg1:T7	Arg2:T26
22961094	CPR:9	Arg1:T7	Arg2:T28
22961094	CPR:9	Arg1:T4	Arg2:T21
22961094	CPR:9	Arg1:T4	Arg2:T20
22961095	CPR:9	Arg1:T3	Arg2:T28
22961095	CPR:9	Arg1:T9	Arg2:T33
22961095	CPR:9	Arg1:T7	Arg2:T31
22961095	CPR:9	Arg1:T15	Arg2:T38
22961095	CPR:9	Arg1:T15	Arg2:T39
22961095	CPR:9	Arg1:T4	Arg2:T31
22961095	CPR:9	Arg1:T20	Arg2:T43
22961095	CPR:9	Arg1:T11	Arg2:T36
22961095	CPR:9	Arg1:T23	Arg2:T27
22961095	CPR:9	Arg1:T23	Arg2:T28
22982248	CPR:9	Arg1:T6	Arg2:T42
22982248	CPR:9	Arg1:T6	Arg2:T43
22982248	CPR:9	Arg1:T4	Arg2:T20
22982773	CPR:9	Arg1:T21	Arg2:T39
22982773	CPR:9	Arg1:T22	Arg2:T29
22982773	CPR:9	Arg1:T22	Arg2:T28
22982773	CPR:9	Arg1:T9	Arg2:T33
22982773	CPR:9	Arg1:T9	Arg2:T32
22982773	CPR:9	Arg1:T16	Arg2:T38
22982773	CPR:9	Arg1:T17	Arg2:T38
22982773	CPR:9	Arg1:T13	Arg2:T35
22982773	CPR:9	Arg1:T22	Arg2:T40
23008099	CPR:9	Arg1:T1	Arg2:T17
23008099	CPR:9	Arg1:T1	Arg2:T15
23008099	CPR:9	Arg1:T1	Arg2:T14
23012257	CPR:9	Arg1:T25	Arg2:T40
23012257	CPR:9	Arg1:T18	Arg2:T28
23024204	CPR:9	Arg1:T4	Arg2:T28
23024204	CPR:9	Arg1:T17	Arg2:T37
23024204	CPR:9	Arg1:T4	Arg2:T29
23024204	CPR:9	Arg1:T17	Arg2:T38
23024204	CPR:9	Arg1:T15	Arg2:T34
23024204	CPR:9	Arg1:T2	Arg2:T29
23024204	CPR:9	Arg1:T2	Arg2:T28
23024204	CPR:9	Arg1:T8	Arg2:T33
23024204	CPR:9	Arg1:T8	Arg2:T32
23024204	CPR:9	Arg1:T8	Arg2:T31
23024204	CPR:9	Arg1:T16	Arg2:T35
23024204	CPR:9	Arg1:T8	Arg2:T30
23026138	CPR:9	Arg1:T7	Arg2:T20
23026138	CPR:9	Arg1:T5	Arg2:T19
23026138	CPR:9	Arg1:T5	Arg2:T16
23026138	CPR:9	Arg1:T6	Arg2:T20
23028140	CPR:9	Arg1:T10	Arg2:T34
23028140	CPR:9	Arg1:T11	Arg2:T34
23028140	CPR:9	Arg1:T7	Arg2:T31
23028140	CPR:9	Arg1:T7	Arg2:T32
23028140	CPR:9	Arg1:T6	Arg2:T29
23028140	CPR:9	Arg1:T6	Arg2:T30
23028140	CPR:9	Arg1:T8	Arg2:T34
23030680	CPR:9	Arg1:T1	Arg2:T11
23042730	CPR:9	Arg1:T6	Arg2:T25
23044488	CPR:9	Arg1:T2	Arg2:T12
23046389	CPR:9	Arg1:T3	Arg2:T11
23047001	CPR:9	Arg1:T4	Arg2:T11
23047001	CPR:9	Arg1:T8	Arg2:T9
23047001	CPR:9	Arg1:T1	Arg2:T9
23047001	CPR:9	Arg1:T8	Arg2:T14
23047001	CPR:9	Arg1:T1	Arg2:T10
23056222	CPR:9	Arg1:T13	Arg2:T54
23056222	CPR:9	Arg1:T13	Arg2:T53
23056222	CPR:9	Arg1:T13	Arg2:T55
23064031	CPR:9	Arg1:T7	Arg2:T23
23064031	CPR:9	Arg1:T2	Arg2:T15
23064031	CPR:9	Arg1:T7	Arg2:T27
23064031	CPR:9	Arg1:T5	Arg2:T22
23064031	CPR:9	Arg1:T6	Arg2:T23
23064031	CPR:9	Arg1:T6	Arg2:T22
23066988	CPR:9	Arg1:T6	Arg2:T18
23066988	CPR:9	Arg1:T6	Arg2:T19
23066988	CPR:9	Arg1:T13	Arg2:T32
23066988	CPR:9	Arg1:T13	Arg2:T33
23066988	CPR:9	Arg1:T6	Arg2:T20
23066988	CPR:9	Arg1:T12	Arg2:T17
23066988	CPR:9	Arg1:T6	Arg2:T23
23066988	CPR:9	Arg1:T4	Arg2:T18
23066988	CPR:9	Arg1:T2	Arg2:T20
23066988	CPR:9	Arg1:T2	Arg2:T19
23066988	CPR:9	Arg1:T11	Arg2:T31
23066988	CPR:9	Arg1:T2	Arg2:T18
23066988	CPR:9	Arg1:T6	Arg2:T24
23066988	CPR:9	Arg1:T4	Arg2:T19
23066988	CPR:9	Arg1:T4	Arg2:T20
23074026	CPR:9	Arg1:T3	Arg2:T21
23074026	CPR:9	Arg1:T16	Arg2:T20
23074026	CPR:9	Arg1:T16	Arg2:T21
23074026	CPR:9	Arg1:T3	Arg2:T20
23079231	CPR:9	Arg1:T23	Arg2:T28
23079231	CPR:9	Arg1:T16	Arg2:T24
23086198	CPR:9	Arg1:T16	Arg2:T23
23086198	CPR:9	Arg1:T13	Arg2:T28
23086198	CPR:9	Arg1:T16	Arg2:T33
23086198	CPR:9	Arg1:T12	Arg2:T28
23094782	CPR:9	Arg1:T1	Arg2:T12
23094782	CPR:9	Arg1:T1	Arg2:T11
23102508	CPR:9	Arg1:T6	Arg2:T19
23102508	CPR:9	Arg1:T5	Arg2:T19
23102508	CPR:9	Arg1:T7	Arg2:T19
23102508	CPR:9	Arg1:T13	Arg2:T20
23102508	CPR:9	Arg1:T13	Arg2:T25
23102508	CPR:9	Arg1:T13	Arg2:T24
23102508	CPR:9	Arg1:T13	Arg2:T27
23102508	CPR:9	Arg1:T13	Arg2:T26
23102508	CPR:9	Arg1:T4	Arg2:T19
23102508	CPR:9	Arg1:T1	Arg2:T17
23102508	CPR:9	Arg1:T3	Arg2:T19
23103562	CPR:9	Arg1:T11	Arg2:T41
23103562	CPR:9	Arg1:T8	Arg2:T38
23103562	CPR:9	Arg1:T8	Arg2:T39
23103562	CPR:9	Arg1:T16	Arg2:T45
23103562	CPR:9	Arg1:T15	Arg2:T43
23103562	CPR:9	Arg1:T15	Arg2:T42
23103562	CPR:9	Arg1:T13	Arg2:T43
23103562	CPR:9	Arg1:T13	Arg2:T42
23103562	CPR:9	Arg1:T2	Arg2:T17
23103562	CPR:9	Arg1:T4	Arg2:T19
23103562	CPR:9	Arg1:T7	Arg2:T34
23103562	CPR:9	Arg1:T6	Arg2:T33
23103562	CPR:9	Arg1:T3	Arg2:T17
23103562	CPR:9	Arg1:T10	Arg2:T40
23103562	CPR:9	Arg1:T14	Arg2:T42
23103562	CPR:9	Arg1:T5	Arg2:T18
23103562	CPR:9	Arg1:T14	Arg2:T43
23103562	CPR:9	Arg1:T9	Arg2:T38
23103562	CPR:9	Arg1:T9	Arg2:T39
23110439	CPR:9	Arg1:T1	Arg2:T8
23110439	CPR:9	Arg1:T1	Arg2:T4
23110439	CPR:9	Arg1:T1	Arg2:T2
23142558	CPR:9	Arg1:T5	Arg2:T10
23142599	CPR:9	Arg1:T13	Arg2:T36
23142599	CPR:9	Arg1:T13	Arg2:T35
23142712	CPR:9	Arg1:T9	Arg2:T29
23143674	CPR:9	Arg1:T1	Arg2:T4
23146664	CPR:9	Arg1:T10	Arg2:T28
23146664	CPR:9	Arg1:T3	Arg2:T20
23146664	CPR:9	Arg1:T5	Arg2:T22
23146664	CPR:9	Arg1:T11	Arg2:T28
23146664	CPR:9	Arg1:T15	Arg2:T29
23146664	CPR:9	Arg1:T1	Arg2:T29
23146664	CPR:9	Arg1:T6	Arg2:T23
23146838	CPR:9	Arg1:T3	Arg2:T17
23148920	CPR:9	Arg1:T6	Arg2:T39
23148920	CPR:9	Arg1:T7	Arg2:T39
23148920	CPR:9	Arg1:T4	Arg2:T38
23148920	CPR:9	Arg1:T18	Arg2:T44
23148920	CPR:9	Arg1:T20	Arg2:T44
23148920	CPR:9	Arg1:T19	Arg2:T44
23148920	CPR:9	Arg1:T10	Arg2:T42
23153455	CPR:9	Arg1:T3	Arg2:T23
23153455	CPR:9	Arg1:T12	Arg2:T16
23153455	CPR:9	Arg1:T2	Arg2:T22
23153455	CPR:9	Arg1:T2	Arg2:T21
23153455	CPR:9	Arg1:T13	Arg2:T43
23153455	CPR:9	Arg1:T2	Arg2:T20
23153455	CPR:9	Arg1:T13	Arg2:T42
23153455	CPR:9	Arg1:T2	Arg2:T19
23153455	CPR:9	Arg1:T6	Arg2:T27
23153455	CPR:9	Arg1:T6	Arg2:T26
23153455	CPR:9	Arg1:T2	Arg2:T18
23153455	CPR:9	Arg1:T13	Arg2:T45
23153455	CPR:9	Arg1:T6	Arg2:T29
23153455	CPR:9	Arg1:T6	Arg2:T28
23153455	CPR:9	Arg1:T8	Arg2:T36
23153455	CPR:9	Arg1:T6	Arg2:T30
23153455	CPR:9	Arg1:T8	Arg2:T35
23153455	CPR:9	Arg1:T6	Arg2:T31
23153455	CPR:9	Arg1:T6	Arg2:T32
23153455	CPR:9	Arg1:T10	Arg2:T40
23153455	CPR:9	Arg1:T4	Arg2:T23
23153455	CPR:9	Arg1:T5	Arg2:T24
23153455	CPR:9	Arg1:T5	Arg2:T25
23161217	CPR:9	Arg1:T4	Arg2:T25
23161217	CPR:9	Arg1:T4	Arg2:T29
23161217	CPR:9	Arg1:T5	Arg2:T30
23161217	CPR:9	Arg1:T5	Arg2:T31
23161664	CPR:9	Arg1:T3	Arg2:T22
23161664	CPR:9	Arg1:T1	Arg2:T35
23161664	CPR:9	Arg1:T2	Arg2:T46
23164921	CPR:9	Arg1:T11	Arg2:T20
23178381	CPR:9	Arg1:T2	Arg2:T23
23178381	CPR:9	Arg1:T4	Arg2:T28
23178381	CPR:9	Arg1:T15	Arg2:T33
23178652	CPR:9	Arg1:T1	Arg2:T41
23178652	CPR:9	Arg1:T14	Arg2:T28
23178652	CPR:9	Arg1:T18	Arg2:T32
23178652	CPR:9	Arg1:T18	Arg2:T36
23178652	CPR:9	Arg1:T18	Arg2:T35
23178652	CPR:9	Arg1:T2	Arg2:T23
23178652	CPR:9	Arg1:T1	Arg2:T31
23178652	CPR:9	Arg1:T2	Arg2:T25
23178652	CPR:9	Arg1:T1	Arg2:T37
23178652	CPR:9	Arg1:T10	Arg2:T26
23186033	CPR:9	Arg1:T2	Arg2:T16
23200901	CPR:9	Arg1:T17	Arg2:T44
23200901	CPR:9	Arg1:T19	Arg2:T45
23200901	CPR:9	Arg1:T19	Arg2:T46
23200901	CPR:9	Arg1:T19	Arg2:T47
23201927	CPR:9	Arg1:T16	Arg2:T28
23201927	CPR:9	Arg1:T1	Arg2:T22
23201927	CPR:9	Arg1:T18	Arg2:T29
23201927	CPR:9	Arg1:T15	Arg2:T27
23209194	CPR:9	Arg1:T2	Arg2:T23
23209194	CPR:9	Arg1:T2	Arg2:T22
23209194	CPR:9	Arg1:T2	Arg2:T21
23209194	CPR:9	Arg1:T2	Arg2:T20
23209194	CPR:9	Arg1:T2	Arg2:T19
23209194	CPR:9	Arg1:T2	Arg2:T17
23209194	CPR:9	Arg1:T2	Arg2:T18
23211523	CPR:9	Arg1:T5	Arg2:T36
23211523	CPR:9	Arg1:T8	Arg2:T45
23211523	CPR:9	Arg1:T3	Arg2:T27
23211523	CPR:9	Arg1:T8	Arg2:T40
23211523	CPR:9	Arg1:T8	Arg2:T43
23211523	CPR:9	Arg1:T9	Arg2:T52
23211523	CPR:9	Arg1:T4	Arg2:T31
23211523	CPR:9	Arg1:T5	Arg2:T33
23212742	CPR:9	Arg1:T9	Arg2:T28
23212742	CPR:9	Arg1:T14	Arg2:T28
23219337	CPR:9	Arg1:T1	Arg2:T9
23219337	CPR:9	Arg1:T1	Arg2:T7
23219337	CPR:9	Arg1:T1	Arg2:T11
23219337	CPR:9	Arg1:T1	Arg2:T10
23220590	CPR:9	Arg1:T15	Arg2:T39
23220590	CPR:9	Arg1:T12	Arg2:T39
23220590	CPR:9	Arg1:T12	Arg2:T45
23220590	CPR:9	Arg1:T12	Arg2:T46
23220590	CPR:9	Arg1:T12	Arg2:T43
23220590	CPR:9	Arg1:T12	Arg2:T44
23220590	CPR:9	Arg1:T12	Arg2:T49
23220590	CPR:9	Arg1:T12	Arg2:T47
23220590	CPR:9	Arg1:T16	Arg2:T50
23220590	CPR:9	Arg1:T12	Arg2:T48
23220590	CPR:9	Arg1:T16	Arg2:T51
23220590	CPR:9	Arg1:T12	Arg2:T41
23220590	CPR:9	Arg1:T12	Arg2:T42
23220590	CPR:9	Arg1:T3	Arg2:T31
23220590	CPR:9	Arg1:T3	Arg2:T24
23220590	CPR:9	Arg1:T3	Arg2:T28
23220590	CPR:9	Arg1:T3	Arg2:T27
23220590	CPR:9	Arg1:T3	Arg2:T26
23220590	CPR:9	Arg1:T3	Arg2:T25
23220590	CPR:9	Arg1:T13	Arg2:T41
23220590	CPR:9	Arg1:T15	Arg2:T43
23220590	CPR:9	Arg1:T15	Arg2:T42
23220590	CPR:9	Arg1:T13	Arg2:T43
23220590	CPR:9	Arg1:T15	Arg2:T45
23220590	CPR:9	Arg1:T13	Arg2:T42
23220590	CPR:9	Arg1:T15	Arg2:T44
23220590	CPR:9	Arg1:T15	Arg2:T41
23220590	CPR:9	Arg1:T13	Arg2:T49
23220590	CPR:9	Arg1:T13	Arg2:T48
23220590	CPR:9	Arg1:T13	Arg2:T45
23220590	CPR:9	Arg1:T15	Arg2:T47
23220590	CPR:9	Arg1:T13	Arg2:T44
23220590	CPR:9	Arg1:T15	Arg2:T46
23220590	CPR:9	Arg1:T13	Arg2:T47
23220590	CPR:9	Arg1:T15	Arg2:T49
23220590	CPR:9	Arg1:T13	Arg2:T46
23220590	CPR:9	Arg1:T15	Arg2:T48
23220590	CPR:9	Arg1:T14	Arg2:T49
23220590	CPR:9	Arg1:T14	Arg2:T45
23220590	CPR:9	Arg1:T14	Arg2:T46
23220590	CPR:9	Arg1:T14	Arg2:T47
23220590	CPR:9	Arg1:T14	Arg2:T48
23220590	CPR:9	Arg1:T14	Arg2:T41
23220590	CPR:9	Arg1:T14	Arg2:T42
23220590	CPR:9	Arg1:T14	Arg2:T43
23220590	CPR:9	Arg1:T14	Arg2:T44
23220590	CPR:9	Arg1:T13	Arg2:T39
23220590	CPR:9	Arg1:T14	Arg2:T39
23220590	CPR:9	Arg1:T3	Arg2:T33
23220612	CPR:9	Arg1:T27	Arg2:T34
23220612	CPR:9	Arg1:T27	Arg2:T33
23220612	CPR:9	Arg1:T20	Arg2:T33
23220612	CPR:9	Arg1:T19	Arg2:T33
23220742	CPR:9	Arg1:T11	Arg2:T27
23220742	CPR:9	Arg1:T3	Arg2:T22
23220742	CPR:9	Arg1:T6	Arg2:T23
23220742	CPR:9	Arg1:T2	Arg2:T22
23220742	CPR:9	Arg1:T2	Arg2:T20
23220742	CPR:9	Arg1:T2	Arg2:T15
23220742	CPR:9	Arg1:T2	Arg2:T13
23220742	CPR:9	Arg1:T2	Arg2:T19
23220742	CPR:9	Arg1:T2	Arg2:T18
23220742	CPR:9	Arg1:T3	Arg2:T20
23220742	CPR:9	Arg1:T10	Arg2:T27
23220742	CPR:9	Arg1:T3	Arg2:T19
23220742	CPR:9	Arg1:T3	Arg2:T18
23220748	CPR:9	Arg1:T4	Arg2:T25
23220748	CPR:9	Arg1:T3	Arg2:T25
23225780	CPR:9	Arg1:T1	Arg2:T6
23230131	CPR:9	Arg1:T8	Arg2:T45
23230131	CPR:9	Arg1:T8	Arg2:T40
23230131	CPR:9	Arg1:T8	Arg2:T43
23230131	CPR:9	Arg1:T6	Arg2:T29
23230131	CPR:9	Arg1:T8	Arg2:T27
23230131	CPR:9	Arg1:T7	Arg2:T29
23230131	CPR:9	Arg1:T19	Arg2:T25
23230131	CPR:9	Arg1:T21	Arg2:T25
23230131	CPR:9	Arg1:T1	Arg2:T27
23230131	CPR:9	Arg1:T5	Arg2:T27
23230131	CPR:9	Arg1:T11	Arg2:T35
23230131	CPR:9	Arg1:T19	Arg2:T42
23230131	CPR:9	Arg1:T19	Arg2:T44
23230131	CPR:9	Arg1:T21	Arg2:T44
23230131	CPR:9	Arg1:T21	Arg2:T42
23237733	CPR:9	Arg1:T13	Arg2:T36
23237733	CPR:9	Arg1:T13	Arg2:T35
23237733	CPR:9	Arg1:T7	Arg2:T21
23237733	CPR:9	Arg1:T12	Arg2:T35
23237733	CPR:9	Arg1:T12	Arg2:T36
23237733	CPR:9	Arg1:T8	Arg2:T24
23237733	CPR:9	Arg1:T1	Arg2:T21
23237733	CPR:9	Arg1:T14	Arg2:T36
23237733	CPR:9	Arg1:T1	Arg2:T35
23237733	CPR:9	Arg1:T1	Arg2:T36
23237733	CPR:9	Arg1:T14	Arg2:T35
23237733	CPR:9	Arg1:T6	Arg2:T24
23237828	CPR:9	Arg1:T2	Arg2:T22
23237828	CPR:9	Arg1:T8	Arg2:T28
23237828	CPR:9	Arg1:T8	Arg2:T29
23237828	CPR:9	Arg1:T8	Arg2:T31
23237828	CPR:9	Arg1:T8	Arg2:T30
23239555	CPR:9	Arg1:T3	Arg2:T10
23239555	CPR:9	Arg1:T2	Arg2:T10
23239639	CPR:9	Arg1:T8	Arg2:T13
23239639	CPR:9	Arg1:T9	Arg2:T13
23246867	CPR:9	Arg1:T4	Arg2:T21
23246867	CPR:9	Arg1:T4	Arg2:T22
23247010	CPR:9	Arg1:T5	Arg2:T40
23248200	CPR:9	Arg1:T8	Arg2:T18
23248236	CPR:9	Arg1:T15	Arg2:T30
23248236	CPR:9	Arg1:T15	Arg2:T31
23248236	CPR:9	Arg1:T15	Arg2:T32
23248236	CPR:9	Arg1:T12	Arg2:T29
23248236	CPR:9	Arg1:T14	Arg2:T32
23248236	CPR:9	Arg1:T14	Arg2:T30
23248236	CPR:9	Arg1:T14	Arg2:T31
23248236	CPR:9	Arg1:T13	Arg2:T29
23252711	CPR:9	Arg1:T5	Arg2:T28
23252711	CPR:9	Arg1:T5	Arg2:T29
23254196	CPR:9	Arg1:T17	Arg2:T42
23254196	CPR:9	Arg1:T16	Arg2:T38
23254196	CPR:9	Arg1:T4	Arg2:T25
23254196	CPR:9	Arg1:T1	Arg2:T21
23254196	CPR:9	Arg1:T15	Arg2:T34
23256625	CPR:9	Arg1:T18	Arg2:T38
23256625	CPR:9	Arg1:T13	Arg2:T31
23256625	CPR:9	Arg1:T13	Arg2:T30
23256625	CPR:9	Arg1:T6	Arg2:T37
23256625	CPR:9	Arg1:T13	Arg2:T33
23256625	CPR:9	Arg1:T8	Arg2:T37
23256625	CPR:9	Arg1:T7	Arg2:T23
23256625	CPR:9	Arg1:T14	Arg2:T22
23256625	CPR:9	Arg1:T15	Arg2:T35
23256625	CPR:9	Arg1:T15	Arg2:T36
23256625	CPR:9	Arg1:T8	Arg2:T22
23256625	CPR:9	Arg1:T19	Arg2:T39
23256625	CPR:9	Arg1:T6	Arg2:T22
23256625	CPR:9	Arg1:T1	Arg2:T21
23256625	CPR:9	Arg1:T14	Arg2:T37
23256625	CPR:9	Arg1:T13	Arg2:T27
23256625	CPR:9	Arg1:T13	Arg2:T29
23256625	CPR:9	Arg1:T13	Arg2:T28
23256625	CPR:9	Arg1:T10	Arg2:T24
23256625	CPR:9	Arg1:T9	Arg2:T24
23259865	CPR:9	Arg1:T3	Arg2:T11
23259865	CPR:9	Arg1:T1	Arg2:T9
23259865	CPR:9	Arg1:T2	Arg2:T8
23259865	CPR:9	Arg1:T4	Arg2:T18
23259865	CPR:9	Arg1:T2	Arg2:T10
23259865	CPR:9	Arg1:T4	Arg2:T16
23259865	CPR:9	Arg1:T1	Arg2:T5
23271001	CPR:9	Arg1:T6	Arg2:T9
23271002	CPR:9	Arg1:T2	Arg2:T9
23281044	CPR:9	Arg1:T2	Arg2:T12
23281044	CPR:9	Arg1:T1	Arg2:T12
23284002	CPR:9	Arg1:T1	Arg2:T51
23284002	CPR:9	Arg1:T24	Arg2:T53
23284002	CPR:9	Arg1:T24	Arg2:T51
23284002	CPR:9	Arg1:T24	Arg2:T52
23284002	CPR:9	Arg1:T1	Arg2:T52
23284002	CPR:9	Arg1:T1	Arg2:T53
23288051	CPR:9	Arg1:T2	Arg2:T16
23288051	CPR:9	Arg1:T3	Arg2:T16
23288051	CPR:9	Arg1:T1	Arg2:T16
23292752	CPR:9	Arg1:T10	Arg2:T33
23292752	CPR:9	Arg1:T12	Arg2:T36
23292752	CPR:9	Arg1:T10	Arg2:T34
23292752	CPR:9	Arg1:T10	Arg2:T35
23293126	CPR:9	Arg1:T10	Arg2:T31
23293126	CPR:9	Arg1:T6	Arg2:T26
23293126	CPR:9	Arg1:T4	Arg2:T22
23293126	CPR:9	Arg1:T4	Arg2:T23
23293126	CPR:9	Arg1:T4	Arg2:T25
23293126	CPR:9	Arg1:T13	Arg2:T31
23293126	CPR:9	Arg1:T5	Arg2:T22
23293126	CPR:9	Arg1:T6	Arg2:T23
23293126	CPR:9	Arg1:T5	Arg2:T23
23293126	CPR:9	Arg1:T5	Arg2:T25
23293300	CPR:9	Arg1:T3	Arg2:T22
23293300	CPR:9	Arg1:T3	Arg2:T21
23293300	CPR:9	Arg1:T16	Arg2:T48
23293300	CPR:9	Arg1:T6	Arg2:T29
23293300	CPR:9	Arg1:T6	Arg2:T28
23293300	CPR:9	Arg1:T13	Arg2:T46
23293300	CPR:9	Arg1:T8	Arg2:T36
23293300	CPR:9	Arg1:T8	Arg2:T35
23293300	CPR:9	Arg1:T8	Arg2:T34
23293300	CPR:9	Arg1:T8	Arg2:T33
23293300	CPR:9	Arg1:T8	Arg2:T32
23293300	CPR:9	Arg1:T12	Arg2:T32
23293300	CPR:9	Arg1:T12	Arg2:T33
23293300	CPR:9	Arg1:T12	Arg2:T34
23293300	CPR:9	Arg1:T3	Arg2:T48
23293300	CPR:9	Arg1:T12	Arg2:T35
23293300	CPR:9	Arg1:T12	Arg2:T36
23293300	CPR:9	Arg1:T12	Arg2:T39
23293300	CPR:9	Arg1:T12	Arg2:T43
23293300	CPR:9	Arg1:T12	Arg2:T41
23293300	CPR:9	Arg1:T12	Arg2:T42
23293300	CPR:9	Arg1:T12	Arg2:T40
23295224	CPR:9	Arg1:T11	Arg2:T20
23295229	CPR:9	Arg1:T22	Arg2:T45
23295229	CPR:9	Arg1:T24	Arg2:T46
23295229	CPR:9	Arg1:T26	Arg2:T38
23295229	CPR:9	Arg1:T27	Arg2:T46
23295229	CPR:9	Arg1:T29	Arg2:T44
23295229	CPR:9	Arg1:T25	Arg2:T46
23295229	CPR:9	Arg1:T26	Arg2:T44
23295229	CPR:9	Arg1:T29	Arg2:T38
23295229	CPR:9	Arg1:T23	Arg2:T45
23297346	CPR:9	Arg1:T8	Arg2:T17
23297346	CPR:9	Arg1:T8	Arg2:T18
23300078	CPR:9	Arg1:T16	Arg2:T42
23300078	CPR:9	Arg1:T7	Arg2:T32
23300078	CPR:9	Arg1:T18	Arg2:T42
23300078	CPR:9	Arg1:T6	Arg2:T33
23300078	CPR:9	Arg1:T6	Arg2:T32
23300078	CPR:9	Arg1:T3	Arg2:T46
23300078	CPR:9	Arg1:T3	Arg2:T42
23303191	CPR:9	Arg1:T21	Arg2:T40
23305807	CPR:9	Arg1:T19	Arg2:T35
23305807	CPR:9	Arg1:T19	Arg2:T34
23305807	CPR:9	Arg1:T19	Arg2:T33
23305807	CPR:9	Arg1:T19	Arg2:T32
23305807	CPR:9	Arg1:T19	Arg2:T26
23312472	CPR:9	Arg1:T2	Arg2:T8
23312472	CPR:9	Arg1:T2	Arg2:T7
23312472	CPR:9	Arg1:T3	Arg2:T5
23312472	CPR:9	Arg1:T3	Arg2:T6
23312472	CPR:9	Arg1:T3	Arg2:T8
23312472	CPR:9	Arg1:T4	Arg2:T9
23312472	CPR:9	Arg1:T4	Arg2:T10
23318226	CPR:9	Arg1:T5	Arg2:T37
23318226	CPR:9	Arg1:T23	Arg2:T55
23318226	CPR:9	Arg1:T23	Arg2:T56
23318226	CPR:9	Arg1:T22	Arg2:T56
23318226	CPR:9	Arg1:T22	Arg2:T55
23318226	CPR:9	Arg1:T24	Arg2:T55
23318226	CPR:9	Arg1:T27	Arg2:T55
23318226	CPR:9	Arg1:T21	Arg2:T56
23318226	CPR:9	Arg1:T21	Arg2:T55
23318226	CPR:9	Arg1:T4	Arg2:T37
23318226	CPR:9	Arg1:T26	Arg2:T55
23318226	CPR:9	Arg1:T3	Arg2:T37
23318226	CPR:9	Arg1:T28	Arg2:T57
23318226	CPR:9	Arg1:T25	Arg2:T55
23318226	CPR:9	Arg1:T28	Arg2:T55
23318226	CPR:9	Arg1:T28	Arg2:T54
23318226	CPR:9	Arg1:T29	Arg2:T54
23318226	CPR:9	Arg1:T29	Arg2:T55
23318226	CPR:9	Arg1:T29	Arg2:T57
23320385	CPR:9	Arg1:T4	Arg2:T29
23320385	CPR:9	Arg1:T22	Arg2:T45
23320385	CPR:9	Arg1:T1	Arg2:T28
23320385	CPR:9	Arg1:T4	Arg2:T30
23320385	CPR:9	Arg1:T20	Arg2:T43
23320385	CPR:9	Arg1:T20	Arg2:T42
23320385	CPR:9	Arg1:T20	Arg2:T44
23325700	CPR:9	Arg1:T6	Arg2:T17
23325700	CPR:9	Arg1:T6	Arg2:T18
23337911	CPR:9	Arg1:T6	Arg2:T17
23337911	CPR:9	Arg1:T13	Arg2:T18
23337911	CPR:9	Arg1:T12	Arg2:T18
23337911	CPR:9	Arg1:T12	Arg2:T19
23337911	CPR:9	Arg1:T8	Arg2:T17
23337911	CPR:9	Arg1:T10	Arg2:T19
23337911	CPR:9	Arg1:T10	Arg2:T18
23337911	CPR:9	Arg1:T13	Arg2:T19
23337911	CPR:9	Arg1:T4	Arg2:T17
23337911	CPR:9	Arg1:T14	Arg2:T18
23337911	CPR:9	Arg1:T14	Arg2:T19
23337911	CPR:9	Arg1:T2	Arg2:T17
23337911	CPR:9	Arg1:T11	Arg2:T18
23337911	CPR:9	Arg1:T11	Arg2:T19
23339663	CPR:9	Arg1:T2	Arg2:T32
23339663	CPR:9	Arg1:T2	Arg2:T31
23339663	CPR:9	Arg1:T2	Arg2:T33
23339663	CPR:9	Arg1:T7	Arg2:T20
23339663	CPR:9	Arg1:T11	Arg2:T27
23339663	CPR:9	Arg1:T8	Arg2:T21
23339663	CPR:9	Arg1:T11	Arg2:T28
23339663	CPR:9	Arg1:T8	Arg2:T22
23339663	CPR:9	Arg1:T7	Arg2:T19
23339663	CPR:9	Arg1:T6	Arg2:T21
23339663	CPR:9	Arg1:T6	Arg2:T23
23339663	CPR:9	Arg1:T6	Arg2:T22
23339663	CPR:9	Arg1:T6	Arg2:T24
23339663	CPR:9	Arg1:T9	Arg2:T22
23339663	CPR:9	Arg1:T12	Arg2:T28
23339663	CPR:9	Arg1:T9	Arg2:T21
23339663	CPR:9	Arg1:T12	Arg2:T27
23339663	CPR:9	Arg1:T9	Arg2:T24
23339663	CPR:9	Arg1:T9	Arg2:T23
23345579	CPR:9	Arg1:T9	Arg2:T32
23345579	CPR:9	Arg1:T21	Arg2:T35
23345579	CPR:9	Arg1:T1	Arg2:T35
23345579	CPR:9	Arg1:T5	Arg2:T28
23345579	CPR:9	Arg1:T5	Arg2:T27
23348005	CPR:9	Arg1:T18	Arg2:T39
23352510	CPR:9	Arg1:T4	Arg2:T12
23352980	CPR:9	Arg1:T6	Arg2:T24
23352980	CPR:9	Arg1:T3	Arg2:T16
23357361	CPR:9	Arg1:T2	Arg2:T15
23357361	CPR:9	Arg1:T2	Arg2:T13
23357361	CPR:9	Arg1:T3	Arg2:T13
23357361	CPR:9	Arg1:T3	Arg2:T15
23357361	CPR:9	Arg1:T6	Arg2:T23
23357565	CPR:9	Arg1:T11	Arg2:T30
23357565	CPR:9	Arg1:T11	Arg2:T29
23367873	CPR:9	Arg1:T8	Arg2:T27
23367873	CPR:9	Arg1:T8	Arg2:T33
23367873	CPR:9	Arg1:T8	Arg2:T13
23371965	CPR:9	Arg1:T2	Arg2:T39
23371965	CPR:9	Arg1:T12	Arg2:T34
23371965	CPR:9	Arg1:T15	Arg2:T37
23371965	CPR:9	Arg1:T23	Arg2:T39
23371965	CPR:9	Arg1:T3	Arg2:T27
23371965	CPR:9	Arg1:T19	Arg2:T38
23371965	CPR:9	Arg1:T5	Arg2:T28
23371965	CPR:9	Arg1:T11	Arg2:T34
23371965	CPR:9	Arg1:T5	Arg2:T29
23371965	CPR:9	Arg1:T24	Arg2:T39
23371965	CPR:9	Arg1:T6	Arg2:T30
23371965	CPR:9	Arg1:T23	Arg2:T26
23371965	CPR:9	Arg1:T6	Arg2:T31
23371965	CPR:9	Arg1:T22	Arg2:T39
23376120	CPR:9	Arg1:T4	Arg2:T29
23376120	CPR:9	Arg1:T11	Arg2:T46
23376120	CPR:9	Arg1:T3	Arg2:T29
23376120	CPR:9	Arg1:T1	Arg2:T18
23376440	CPR:9	Arg1:T19	Arg2:T37
23376440	CPR:9	Arg1:T2	Arg2:T24
23376440	CPR:9	Arg1:T20	Arg2:T23
23376440	CPR:9	Arg1:T20	Arg2:T43
23376440	CPR:9	Arg1:T20	Arg2:T42
23376440	CPR:9	Arg1:T20	Arg2:T44
23379481	CPR:9	Arg1:T12	Arg2:T24
23379481	CPR:9	Arg1:T12	Arg2:T22
23388095	CPR:9	Arg1:T14	Arg2:T28
23389862	CPR:9	Arg1:T14	Arg2:T25
23389862	CPR:9	Arg1:T15	Arg2:T25
23389878	CPR:9	Arg1:T4	Arg2:T36
23389878	CPR:9	Arg1:T3	Arg2:T33
23389878	CPR:9	Arg1:T3	Arg2:T32
23389878	CPR:9	Arg1:T3	Arg2:T35
23389878	CPR:9	Arg1:T3	Arg2:T34
23391336	CPR:9	Arg1:T4	Arg2:T14
23391631	CPR:9	Arg1:T11	Arg2:T42
23391631	CPR:9	Arg1:T16	Arg2:T23
23391631	CPR:9	Arg1:T9	Arg2:T33
23391631	CPR:9	Arg1:T13	Arg2:T42
23391631	CPR:9	Arg1:T7	Arg2:T33
23395003	CPR:9	Arg1:T1	Arg2:T8
23395003	CPR:9	Arg1:T1	Arg2:T4
23395003	CPR:9	Arg1:T1	Arg2:T25
23395003	CPR:9	Arg1:T1	Arg2:T22
23395914	CPR:9	Arg1:T6	Arg2:T19
23395914	CPR:9	Arg1:T11	Arg2:T22
23395914	CPR:9	Arg1:T5	Arg2:T17
23395914	CPR:9	Arg1:T11	Arg2:T21
23395914	CPR:9	Arg1:T2	Arg2:T17
23395914	CPR:9	Arg1:T10	Arg2:T21
23395914	CPR:9	Arg1:T10	Arg2:T22
23397054	CPR:9	Arg1:T4	Arg2:T22
23397054	CPR:9	Arg1:T4	Arg2:T23
23397054	CPR:9	Arg1:T4	Arg2:T21
23397054	CPR:9	Arg1:T4	Arg2:T20
23401228	CPR:9	Arg1:T2	Arg2:T21
23401228	CPR:9	Arg1:T2	Arg2:T20
23401228	CPR:9	Arg1:T3	Arg2:T20
23401228	CPR:9	Arg1:T3	Arg2:T21
23401472	CPR:9	Arg1:T5	Arg2:T9
23401472	CPR:9	Arg1:T4	Arg2:T9
23406460	CPR:9	Arg1:T1	Arg2:T9
23408858	CPR:9	Arg1:T4	Arg2:T8
23408858	CPR:9	Arg1:T7	Arg2:T8
23410221	CPR:9	Arg1:T18	Arg2:T28
23411211	CPR:9	Arg1:T9	Arg2:T13
23411211	CPR:9	Arg1:T9	Arg2:T15
23411211	CPR:9	Arg1:T12	Arg2:T17
23411211	CPR:9	Arg1:T9	Arg2:T14
23411211	CPR:9	Arg1:T12	Arg2:T16
23414807	CPR:9	Arg1:T2	Arg2:T22
23416003	CPR:9	Arg1:T1	Arg2:T9
23416003	CPR:9	Arg1:T1	Arg2:T12
23416003	CPR:9	Arg1:T1	Arg2:T11
23416003	CPR:9	Arg1:T1	Arg2:T10
23416115	CPR:9	Arg1:T2	Arg2:T23
23416115	CPR:9	Arg1:T7	Arg2:T24
23416115	CPR:9	Arg1:T5	Arg2:T26
23416115	CPR:9	Arg1:T15	Arg2:T28
23418859	CPR:9	Arg1:T4	Arg2:T16
23418859	CPR:9	Arg1:T4	Arg2:T14
23418859	CPR:9	Arg1:T6	Arg2:T16
23418859	CPR:9	Arg1:T3	Arg2:T13
23418859	CPR:9	Arg1:T10	Arg2:T24
23418859	CPR:9	Arg1:T7	Arg2:T15
23418859	CPR:9	Arg1:T1	Arg2:T11
23419388	CPR:9	Arg1:T8	Arg2:T25
23419388	CPR:9	Arg1:T7	Arg2:T19
23419834	CPR:9	Arg1:T15	Arg2:T39
23419834	CPR:9	Arg1:T15	Arg2:T40
23419834	CPR:9	Arg1:T11	Arg2:T32
23428346	CPR:9	Arg1:T4	Arg2:T35
23429041	CPR:9	Arg1:T2	Arg2:T19
23429041	CPR:9	Arg1:T14	Arg2:T36
23429041	CPR:9	Arg1:T14	Arg2:T37
23429041	CPR:9	Arg1:T14	Arg2:T34
23429041	CPR:9	Arg1:T14	Arg2:T35
23429041	CPR:9	Arg1:T14	Arg2:T33
23429041	CPR:9	Arg1:T16	Arg2:T19
23431112	CPR:9	Arg1:T1	Arg2:T37
23431112	CPR:9	Arg1:T1	Arg2:T38
23431112	CPR:9	Arg1:T19	Arg2:T39
23431112	CPR:9	Arg1:T19	Arg2:T38
23431112	CPR:9	Arg1:T19	Arg2:T37
23432429	CPR:9	Arg1:T23	Arg2:T49
23432429	CPR:9	Arg1:T23	Arg2:T48
23434831	CPR:9	Arg1:T7	Arg2:T26
23434831	CPR:9	Arg1:T7	Arg2:T27
23434831	CPR:9	Arg1:T7	Arg2:T29
23435916	CPR:9	Arg1:T9	Arg2:T16
23435916	CPR:9	Arg1:T9	Arg2:T15
23435916	CPR:9	Arg1:T9	Arg2:T14
23436267	CPR:9	Arg1:T3	Arg2:T21
23436267	CPR:9	Arg1:T2	Arg2:T20
23436267	CPR:9	Arg1:T4	Arg2:T21
23439480	CPR:9	Arg1:T12	Arg2:T28
23439649	CPR:9	Arg1:T3	Arg2:T16
23440928	CPR:9	Arg1:T14	Arg2:T26
23444386	CPR:9	Arg1:T4	Arg2:T25
23444386	CPR:9	Arg1:T13	Arg2:T26
23444386	CPR:9	Arg1:T3	Arg2:T28
23444386	CPR:9	Arg1:T8	Arg2:T25
23444386	CPR:9	Arg1:T12	Arg2:T22
23454202	CPR:9	Arg1:T1	Arg2:T12
23454202	CPR:9	Arg1:T1	Arg2:T11
23454202	CPR:9	Arg1:T1	Arg2:T10
23456363	CPR:9	Arg1:T1	Arg2:T15
23466342	CPR:9	Arg1:T10	Arg2:T14
23466342	CPR:9	Arg1:T10	Arg2:T15
23466342	CPR:9	Arg1:T9	Arg2:T30
23466342	CPR:9	Arg1:T8	Arg2:T28
23466342	CPR:9	Arg1:T8	Arg2:T29
23466342	CPR:9	Arg1:T8	Arg2:T27
23466342	CPR:9	Arg1:T1	Arg2:T19
23468189	CPR:9	Arg1:T2	Arg2:T11
23468426	CPR:9	Arg1:T6	Arg2:T37
23468426	CPR:9	Arg1:T12	Arg2:T32
23468426	CPR:9	Arg1:T23	Arg2:T37
23468426	CPR:9	Arg1:T15	Arg2:T37
23468426	CPR:9	Arg1:T23	Arg2:T32
23468426	CPR:9	Arg1:T12	Arg2:T37
23468426	CPR:9	Arg1:T15	Arg2:T32
23468426	CPR:9	Arg1:T3	Arg2:T37
23468426	CPR:9	Arg1:T3	Arg2:T32
23468426	CPR:9	Arg1:T16	Arg2:T32
23468426	CPR:9	Arg1:T6	Arg2:T32
23470287	CPR:9	Arg1:T11	Arg2:T16
23473803	CPR:9	Arg1:T7	Arg2:T24
23473803	CPR:9	Arg1:T12	Arg2:T32
23473803	CPR:9	Arg1:T5	Arg2:T22
23473803	CPR:9	Arg1:T5	Arg2:T20
23473803	CPR:9	Arg1:T14	Arg2:T33
23473803	CPR:9	Arg1:T7	Arg2:T25
23473803	CPR:9	Arg1:T16	Arg2:T36
23473803	CPR:9	Arg1:T16	Arg2:T37
23473803	CPR:9	Arg1:T16	Arg2:T18
23479407	CPR:9	Arg1:T1	Arg2:T7
23479407	CPR:9	Arg1:T1	Arg2:T15
23479407	CPR:9	Arg1:T4	Arg2:T7
23479738	CPR:9	Arg1:T4	Arg2:T34
23483201	CPR:9	Arg1:T13	Arg2:T31
23483201	CPR:9	Arg1:T13	Arg2:T30
23483201	CPR:9	Arg1:T21	Arg2:T33
23483201	CPR:9	Arg1:T21	Arg2:T32
23483201	CPR:9	Arg1:T2	Arg2:T27
23483201	CPR:9	Arg1:T2	Arg2:T28
23484668	CPR:9	Arg1:T10	Arg2:T13
23484668	CPR:9	Arg1:T10	Arg2:T16
23485441	CPR:9	Arg1:T3	Arg2:T29
23485441	CPR:9	Arg1:T1	Arg2:T31
23485441	CPR:9	Arg1:T12	Arg2:T29
23485441	CPR:9	Arg1:T7	Arg2:T31
23485441	CPR:9	Arg1:T6	Arg2:T29
23485441	CPR:9	Arg1:T7	Arg2:T29
23485441	CPR:9	Arg1:T4	Arg2:T29
23485441	CPR:9	Arg1:T1	Arg2:T29
23485441	CPR:9	Arg1:T4	Arg2:T31
23485441	CPR:9	Arg1:T5	Arg2:T29
23485615	CPR:9	Arg1:T3	Arg2:T30
23485615	CPR:9	Arg1:T3	Arg2:T24
23485615	CPR:9	Arg1:T3	Arg2:T23
23485615	CPR:9	Arg1:T3	Arg2:T22
23485615	CPR:9	Arg1:T3	Arg2:T21
23485615	CPR:9	Arg1:T3	Arg2:T28
23485615	CPR:9	Arg1:T3	Arg2:T26
23485615	CPR:9	Arg1:T2	Arg2:T23
23485615	CPR:9	Arg1:T2	Arg2:T22
23485615	CPR:9	Arg1:T2	Arg2:T21
23485615	CPR:9	Arg1:T2	Arg2:T26
23485615	CPR:9	Arg1:T2	Arg2:T24
23485615	CPR:9	Arg1:T6	Arg2:T26
23485615	CPR:9	Arg1:T2	Arg2:T28
23485615	CPR:9	Arg1:T6	Arg2:T24
23485615	CPR:9	Arg1:T6	Arg2:T28
23485615	CPR:9	Arg1:T6	Arg2:T30
23485615	CPR:9	Arg1:T4	Arg2:T21
23485615	CPR:9	Arg1:T2	Arg2:T30
23485615	CPR:9	Arg1:T4	Arg2:T22
23485615	CPR:9	Arg1:T4	Arg2:T23
23485615	CPR:9	Arg1:T4	Arg2:T24
23485615	CPR:9	Arg1:T4	Arg2:T26
23485615	CPR:9	Arg1:T4	Arg2:T28
23485615	CPR:9	Arg1:T5	Arg2:T21
23485615	CPR:9	Arg1:T5	Arg2:T22
23485615	CPR:9	Arg1:T6	Arg2:T21
23485615	CPR:9	Arg1:T6	Arg2:T23
23485615	CPR:9	Arg1:T6	Arg2:T22
23485615	CPR:9	Arg1:T4	Arg2:T30
23485615	CPR:9	Arg1:T5	Arg2:T28
23485615	CPR:9	Arg1:T5	Arg2:T24
23485615	CPR:9	Arg1:T5	Arg2:T23
23485615	CPR:9	Arg1:T5	Arg2:T26
23485615	CPR:9	Arg1:T5	Arg2:T30
23494233	CPR:9	Arg1:T18	Arg2:T36
23494233	CPR:9	Arg1:T23	Arg2:T35
23494233	CPR:9	Arg1:T24	Arg2:T35
23494233	CPR:9	Arg1:T16	Arg2:T36
23501055	CPR:9	Arg1:T4	Arg2:T26
23501055	CPR:9	Arg1:T4	Arg2:T27
23501055	CPR:9	Arg1:T4	Arg2:T28
23501055	CPR:9	Arg1:T3	Arg2:T19
23501055	CPR:9	Arg1:T3	Arg2:T18
23508961	CPR:9	Arg1:T1	Arg2:T7
23508961	CPR:9	Arg1:T1	Arg2:T8
23508961	CPR:9	Arg1:T1	Arg2:T6
23512732	CPR:9	Arg1:T4	Arg2:T17
23512732	CPR:9	Arg1:T4	Arg2:T18
23512732	CPR:9	Arg1:T4	Arg2:T15
23512732	CPR:9	Arg1:T4	Arg2:T16
23512732	CPR:9	Arg1:T4	Arg2:T14
23512732	CPR:9	Arg1:T13	Arg2:T26
23512732	CPR:9	Arg1:T10	Arg2:T21
23512732	CPR:9	Arg1:T3	Arg2:T15
23512732	CPR:9	Arg1:T3	Arg2:T14
23512732	CPR:9	Arg1:T3	Arg2:T17
23512732	CPR:9	Arg1:T10	Arg2:T20
23512732	CPR:9	Arg1:T3	Arg2:T16
23512732	CPR:9	Arg1:T9	Arg2:T21
23512732	CPR:9	Arg1:T9	Arg2:T20
23512732	CPR:9	Arg1:T12	Arg2:T25
23512732	CPR:9	Arg1:T12	Arg2:T24
23512732	CPR:9	Arg1:T12	Arg2:T23
23512732	CPR:9	Arg1:T12	Arg2:T21
23515291	CPR:9	Arg1:T4	Arg2:T34
23515291	CPR:9	Arg1:T3	Arg2:T34
23515291	CPR:9	Arg1:T2	Arg2:T30
23515582	CPR:9	Arg1:T6	Arg2:T14
23515582	CPR:9	Arg1:T3	Arg2:T9
23515582	CPR:9	Arg1:T8	Arg2:T19
23520133	CPR:9	Arg1:T3	Arg2:T4
23520133	CPR:9	Arg1:T3	Arg2:T7
23520265	CPR:9	Arg1:T4	Arg2:T12
23520265	CPR:9	Arg1:T5	Arg2:T12
23523661	CPR:9	Arg1:T13	Arg2:T22
23523661	CPR:9	Arg1:T16	Arg2:T25
23523661	CPR:9	Arg1:T15	Arg2:T22
23523950	CPR:9	Arg1:T9	Arg2:T35
23523950	CPR:9	Arg1:T9	Arg2:T40
23527529	CPR:9	Arg1:T2	Arg2:T12
23527529	CPR:9	Arg1:T10	Arg2:T15
23527529	CPR:9	Arg1:T2	Arg2:T15
23527529	CPR:9	Arg1:T1	Arg2:T15
23528300	CPR:9	Arg1:T2	Arg2:T4
23529824	CPR:9	Arg1:T9	Arg2:T18
23529824	CPR:9	Arg1:T9	Arg2:T21
23536271	CPR:9	Arg1:T7	Arg2:T16
23536271	CPR:9	Arg1:T7	Arg2:T17
23536271	CPR:9	Arg1:T7	Arg2:T15
23536271	CPR:9	Arg1:T7	Arg2:T18
23539538	CPR:9	Arg1:T15	Arg2:T43
23539538	CPR:9	Arg1:T15	Arg2:T42
23539538	CPR:9	Arg1:T15	Arg2:T44
23539538	CPR:9	Arg1:T15	Arg2:T41
23539538	CPR:9	Arg1:T15	Arg2:T40
23539538	CPR:9	Arg1:T13	Arg2:T32
23539538	CPR:9	Arg1:T13	Arg2:T31
23539538	CPR:9	Arg1:T13	Arg2:T36
23539538	CPR:9	Arg1:T13	Arg2:T35
23539538	CPR:9	Arg1:T13	Arg2:T34
23539538	CPR:9	Arg1:T13	Arg2:T33
23539538	CPR:9	Arg1:T15	Arg2:T39
23539547	CPR:9	Arg1:T4	Arg2:T8
23539547	CPR:9	Arg1:T4	Arg2:T9
23541949	CPR:9	Arg1:T1	Arg2:T27
23543737	CPR:9	Arg1:T9	Arg2:T27
23543737	CPR:9	Arg1:T2	Arg2:T34
23543737	CPR:9	Arg1:T1	Arg2:T34
23543737	CPR:9	Arg1:T6	Arg2:T24
23543737	CPR:9	Arg1:T5	Arg2:T24
23543737	CPR:9	Arg1:T8	Arg2:T26
23543737	CPR:9	Arg1:T18	Arg2:T34
23543737	CPR:9	Arg1:T3	Arg2:T23
23543737	CPR:9	Arg1:T19	Arg2:T34
23547652	CPR:9	Arg1:T2	Arg2:T12
23547652	CPR:9	Arg1:T4	Arg2:T13
23547652	CPR:9	Arg1:T4	Arg2:T14
23547652	CPR:9	Arg1:T6	Arg2:T15
23547652	CPR:9	Arg1:T4	Arg2:T12
23547652	CPR:9	Arg1:T3	Arg2:T12
23547776	CPR:9	Arg1:T2	Arg2:T15
23547776	CPR:9	Arg1:T2	Arg2:T19
23547776	CPR:9	Arg1:T3	Arg2:T20
23547776	CPR:9	Arg1:T3	Arg2:T15
23547776	CPR:9	Arg1:T3	Arg2:T19
23548702	CPR:9	Arg1:T10	Arg2:T12
23548702	CPR:9	Arg1:T2	Arg2:T15
23548702	CPR:9	Arg1:T2	Arg2:T14
23548702	CPR:9	Arg1:T7	Arg2:T26
23548702	CPR:9	Arg1:T7	Arg2:T27
23548702	CPR:9	Arg1:T7	Arg2:T28
23548702	CPR:9	Arg1:T1	Arg2:T12
23553655	CPR:9	Arg1:T8	Arg2:T16
23553655	CPR:9	Arg1:T13	Arg2:T19
23554428	CPR:9	Arg1:T21	Arg2:T28
23558743	CPR:9	Arg1:T5	Arg2:T15
23566269	CPR:9	Arg1:T6	Arg2:T17
23566884	CPR:9	Arg1:T1	Arg2:T41
23566884	CPR:9	Arg1:T18	Arg2:T41
23567245	CPR:9	Arg1:T5	Arg2:T17
23567245	CPR:9	Arg1:T5	Arg2:T16
23567245	CPR:9	Arg1:T7	Arg2:T21
23567245	CPR:9	Arg1:T6	Arg2:T21
23567245	CPR:9	Arg1:T4	Arg2:T17
23567245	CPR:9	Arg1:T4	Arg2:T16
23567245	CPR:9	Arg1:T2	Arg2:T16
23567245	CPR:9	Arg1:T2	Arg2:T17
23567245	CPR:9	Arg1:T3	Arg2:T17
23567245	CPR:9	Arg1:T3	Arg2:T16
23568856	CPR:9	Arg1:T11	Arg2:T26
23568856	CPR:9	Arg1:T7	Arg2:T21
23568856	CPR:9	Arg1:T3	Arg2:T21
23568856	CPR:9	Arg1:T8	Arg2:T25
23568856	CPR:9	Arg1:T8	Arg2:T24
23568856	CPR:9	Arg1:T3	Arg2:T19
23568856	CPR:9	Arg1:T6	Arg2:T21
23568856	CPR:9	Arg1:T12	Arg2:T14
23570789	CPR:9	Arg1:T1	Arg2:T5
23570789	CPR:9	Arg1:T1	Arg2:T6
23570789	CPR:9	Arg1:T3	Arg2:T7
23570789	CPR:9	Arg1:T3	Arg2:T8
23574272	CPR:9	Arg1:T8	Arg2:T18
23574272	CPR:9	Arg1:T7	Arg2:T16
23574272	CPR:9	Arg1:T3	Arg2:T13
23574272	CPR:9	Arg1:T3	Arg2:T15
23574272	CPR:9	Arg1:T3	Arg2:T14
23574807	CPR:9	Arg1:T3	Arg2:T15
23574807	CPR:9	Arg1:T1	Arg2:T16
23574807	CPR:9	Arg1:T8	Arg2:T15
23579428	CPR:9	Arg1:T1	Arg2:T31
23579428	CPR:9	Arg1:T1	Arg2:T32
23579428	CPR:9	Arg1:T1	Arg2:T29
23581551	CPR:9	Arg1:T1	Arg2:T12
23581551	CPR:9	Arg1:T1	Arg2:T11
23581876	CPR:9	Arg1:T17	Arg2:T31
23581876	CPR:9	Arg1:T17	Arg2:T30
23581876	CPR:9	Arg1:T12	Arg2:T30
23581876	CPR:9	Arg1:T12	Arg2:T31
23583009	CPR:9	Arg1:T22	Arg2:T40
23583009	CPR:9	Arg1:T25	Arg2:T41
23583009	CPR:9	Arg1:T19	Arg2:T39
23583009	CPR:9	Arg1:T19	Arg2:T36
23583009	CPR:9	Arg1:T2	Arg2:T40
23583009	CPR:9	Arg1:T5	Arg2:T30
23583009	CPR:9	Arg1:T16	Arg2:T36
23583009	CPR:9	Arg1:T22	Arg2:T39
23583485	CPR:9	Arg1:T6	Arg2:T25
23583485	CPR:9	Arg1:T7	Arg2:T26
23583485	CPR:9	Arg1:T3	Arg2:T17
23583485	CPR:9	Arg1:T3	Arg2:T19
23583910	CPR:9	Arg1:T8	Arg2:T14
23583910	CPR:9	Arg1:T9	Arg2:T14
23583910	CPR:9	Arg1:T5	Arg2:T12
23585332	CPR:9	Arg1:T10	Arg2:T14
23585332	CPR:9	Arg1:T11	Arg2:T13
23587021	CPR:9	Arg1:T1	Arg2:T8
23587423	CPR:9	Arg1:T1	Arg2:T5
23590413	CPR:9	Arg1:T3	Arg2:T15
23590413	CPR:9	Arg1:T5	Arg2:T15
23591111	CPR:9	Arg1:T4	Arg2:T8
23591111	CPR:9	Arg1:T4	Arg2:T9
23591111	CPR:9	Arg1:T7	Arg2:T9
23591111	CPR:9	Arg1:T3	Arg2:T11
23591111	CPR:9	Arg1:T3	Arg2:T12
23591111	CPR:9	Arg1:T6	Arg2:T12
23591111	CPR:9	Arg1:T6	Arg2:T11
23591777	CPR:9	Arg1:T13	Arg2:T41
23591777	CPR:9	Arg1:T13	Arg2:T39
23597309	CPR:9	Arg1:T2	Arg2:T11
23597309	CPR:9	Arg1:T2	Arg2:T12
23597309	CPR:9	Arg1:T4	Arg2:T15
23597309	CPR:9	Arg1:T4	Arg2:T14
23597309	CPR:9	Arg1:T2	Arg2:T13
23600925	CPR:9	Arg1:T1	Arg2:T6
23602989	CPR:9	Arg1:T29	Arg2:T50
23602989	CPR:9	Arg1:T2	Arg2:T37
23602989	CPR:9	Arg1:T30	Arg2:T32
23602989	CPR:9	Arg1:T24	Arg2:T48
23602989	CPR:9	Arg1:T30	Arg2:T51
23602989	CPR:9	Arg1:T16	Arg2:T46
23602989	CPR:9	Arg1:T13	Arg2:T41
23602989	CPR:9	Arg1:T23	Arg2:T48
23602989	CPR:9	Arg1:T29	Arg2:T33
23603339	CPR:9	Arg1:T12	Arg2:T34
23603339	CPR:9	Arg1:T10	Arg2:T32
23603339	CPR:9	Arg1:T10	Arg2:T33
23603339	CPR:9	Arg1:T5	Arg2:T31
23604141	CPR:9	Arg1:T1	Arg2:T22
23604717	CPR:9	Arg1:T21	Arg2:T38
23604717	CPR:9	Arg1:T18	Arg2:T37
23604717	CPR:9	Arg1:T15	Arg2:T32
23604717	CPR:9	Arg1:T15	Arg2:T33
23604717	CPR:9	Arg1:T6	Arg2:T29
23604717	CPR:9	Arg1:T23	Arg2:T27
23604717	CPR:9	Arg1:T23	Arg2:T28
23604717	CPR:9	Arg1:T6	Arg2:T30
23604717	CPR:9	Arg1:T23	Arg2:T26
23604717	CPR:9	Arg1:T6	Arg2:T31
23605691	CPR:9	Arg1:T10	Arg2:T23
23605691	CPR:9	Arg1:T10	Arg2:T22
23605691	CPR:9	Arg1:T15	Arg2:T22
23605691	CPR:9	Arg1:T15	Arg2:T23
23613014	CPR:9	Arg1:T6	Arg2:T18
23613014	CPR:9	Arg1:T6	Arg2:T19
23613014	CPR:9	Arg1:T7	Arg2:T18
23613014	CPR:9	Arg1:T13	Arg2:T21
23613014	CPR:9	Arg1:T16	Arg2:T23
23613014	CPR:9	Arg1:T7	Arg2:T19
23613014	CPR:9	Arg1:T13	Arg2:T20
23613014	CPR:9	Arg1:T16	Arg2:T24
23613014	CPR:9	Arg1:T14	Arg2:T20
23613014	CPR:9	Arg1:T14	Arg2:T21
23613149	CPR:9	Arg1:T11	Arg2:T30
23613149	CPR:9	Arg1:T4	Arg2:T30
23619019	CPR:9	Arg1:T2	Arg2:T11
23619020	CPR:9	Arg1:T5	Arg2:T31
23619020	CPR:9	Arg1:T5	Arg2:T32
23619284	CPR:9	Arg1:T11	Arg2:T26
23619284	CPR:9	Arg1:T1	Arg2:T24
23619284	CPR:9	Arg1:T1	Arg2:T26
23619284	CPR:9	Arg1:T6	Arg2:T22
23619284	CPR:9	Arg1:T1	Arg2:T25
23619284	CPR:9	Arg1:T1	Arg2:T22
23619284	CPR:9	Arg1:T6	Arg2:T25
23619284	CPR:9	Arg1:T6	Arg2:T24
23624148	CPR:9	Arg1:T13	Arg2:T25
23624148	CPR:9	Arg1:T5	Arg2:T24
23624148	CPR:9	Arg1:T11	Arg2:T27
23624148	CPR:9	Arg1:T13	Arg2:T27
23624148	CPR:9	Arg1:T11	Arg2:T26
23624148	CPR:9	Arg1:T13	Arg2:T26
23624148	CPR:9	Arg1:T13	Arg2:T29
23624148	CPR:9	Arg1:T11	Arg2:T25
23624148	CPR:9	Arg1:T13	Arg2:T28
23624148	CPR:9	Arg1:T12	Arg2:T27
23624148	CPR:9	Arg1:T12	Arg2:T26
23624148	CPR:9	Arg1:T12	Arg2:T25
23628333	CPR:9	Arg1:T3	Arg2:T10
23628333	CPR:9	Arg1:T4	Arg2:T11
23634668	CPR:9	Arg1:T2	Arg2:T20
23634668	CPR:9	Arg1:T2	Arg2:T19
23634668	CPR:9	Arg1:T9	Arg2:T23
23636640	CPR:9	Arg1:T8	Arg2:T18
23639248	CPR:9	Arg1:T14	Arg2:T42
23639801	CPR:9	Arg1:T11	Arg2:T14
23639801	CPR:9	Arg1:T11	Arg2:T13
23639801	CPR:9	Arg1:T11	Arg2:T16
23639801	CPR:9	Arg1:T11	Arg2:T15
23639801	CPR:9	Arg1:T3	Arg2:T20
23639801	CPR:9	Arg1:T11	Arg2:T17
23639801	CPR:9	Arg1:T11	Arg2:T18
23639801	CPR:9	Arg1:T3	Arg2:T19
23639801	CPR:9	Arg1:T4	Arg2:T25
23639801	CPR:9	Arg1:T11	Arg2:T29
23639801	CPR:9	Arg1:T11	Arg2:T36
23639801	CPR:9	Arg1:T11	Arg2:T35
23639801	CPR:9	Arg1:T11	Arg2:T37
23639875	CPR:9	Arg1:T4	Arg2:T18
23639875	CPR:9	Arg1:T4	Arg2:T16
23643744	CPR:9	Arg1:T2	Arg2:T26
23643747	CPR:9	Arg1:T13	Arg2:T40
23643747	CPR:9	Arg1:T13	Arg2:T38
23643747	CPR:9	Arg1:T14	Arg2:T40
23643747	CPR:9	Arg1:T14	Arg2:T38
23643747	CPR:9	Arg1:T20	Arg2:T45
23643747	CPR:9	Arg1:T20	Arg2:T47
23643747	CPR:9	Arg1:T20	Arg2:T46
23643747	CPR:9	Arg1:T20	Arg2:T48
23644213	CPR:9	Arg1:T1	Arg2:T7
23703578	CPR:9	Arg1:T1	Arg2:T26
23742252	CPR:9	Arg1:T1	Arg2:T5
23742252	CPR:9	Arg1:T4	Arg2:T8
